Order_ID,Order_Date,Order_Line_ID,Product_ID,Order_Quantity,Customer_ID,Store_ID
OR#102000,3/23/2021,1,PRD#_10487,3,C_1021,ST_456
OR#102000,3/23/2021,2,PRD#_10620,2,C_1021,ST_456
OR#102001,3/26/2021,1,PRD#_10472,3,C_1050,ST_890
OR#102001,3/26/2021,2,PRD#_10341,5,C_1050,ST_890
OR#102001,3/26/2021,3,PRD#_10269,2,C_1050,ST_890
OR#102001,3/26/2021,4,PRD#_10443,1,C_1050,ST_890
OR#102001,3/26/2021,5,PRD#_10461,5,C_1050,ST_890
OR#102002,3/28/2021,1,PRD#_10180,5,C_1103,ST_789
OR#102002,3/28/2021,2,PRD#_10017,2,C_1103,ST_789
OR#102002,3/28/2021,3,PRD#_10191,4,C_1103,ST_789
OR#102002,3/28/2021,4,PRD#_10621,1,C_1103,ST_789
OR#102002,3/28/2021,5,PRD#_10573,3,C_1103,ST_789
OR#102003,3/11/2021,1,PRD#_10062,3,C_1042,ST_789
OR#102003,3/11/2021,2,PRD#_10149,4,C_1042,ST_789
OR#102004,3/19/2021,1,PRD#_10465,5,C_1129,ST_456
OR#102004,3/19/2021,2,PRD#_10354,3,C_1129,ST_456
OR#102004,3/19/2021,3,PRD#_10621,2,C_1129,ST_456
OR#102004,3/19/2021,4,PRD#_10128,3,C_1129,ST_456
OR#102004,3/19/2021,5,PRD#_10787,1,C_1129,ST_456
OR#102005,3/25/2021,1,PRD#_10584,4,C_1023,ST_890
OR#102005,3/25/2021,2,PRD#_10255,1,C_1023,ST_890
OR#102005,3/25/2021,3,PRD#_10058,2,C_1023,ST_890
OR#102006,3/6/2021,1,PRD#_10031,2,C_1134,ST_112
OR#102006,3/6/2021,2,PRD#_10090,2,C_1134,ST_112
OR#102006,3/6/2021,3,PRD#_10648,4,C_1134,ST_112
OR#102006,3/6/2021,4,PRD#_10261,2,C_1134,ST_112
OR#102007,3/21/2021,1,PRD#_10457,3,C_1118,ST_678
OR#102007,3/21/2021,2,PRD#_10025,3,C_1118,ST_678
OR#102008,3/12/2021,1,PRD#_10415,3,C_1049,ST_678
OR#102009,3/18/2021,1,PRD#_10533,1,C_1060,ST_789
OR#102009,3/18/2021,2,PRD#_10093,4,C_1060,ST_789
OR#102009,3/18/2021,3,PRD#_10446,4,C_1060,ST_789
OR#102009,3/18/2021,4,PRD#_10760,4,C_1060,ST_789
OR#102010,3/15/2021,1,PRD#_10492,1,C_1121,ST_789
OR#102011,3/25/2021,1,PRD#_10331,3,C_1056,ST_890
OR#102011,3/25/2021,2,PRD#_10366,5,C_1056,ST_890
OR#102011,3/25/2021,3,PRD#_10350,4,C_1056,ST_890
OR#102011,3/25/2021,4,PRD#_10565,2,C_1056,ST_890
OR#102012,3/15/2021,1,PRD#_10760,1,C_1001,ST_678
OR#102012,3/15/2021,2,PRD#_10266,4,C_1001,ST_678
OR#102012,3/15/2021,3,PRD#_10413,4,C_1001,ST_678
OR#102013,3/28/2021,1,PRD#_10194,2,C_1129,ST_567
OR#102013,3/28/2021,2,PRD#_10635,2,C_1129,ST_567
OR#102013,3/28/2021,3,PRD#_10583,5,C_1129,ST_567
OR#102014,3/7/2021,1,PRD#_10705,5,C_1038,ST_789
OR#102014,3/7/2021,2,PRD#_10045,5,C_1038,ST_789
OR#102014,3/7/2021,3,PRD#_10067,5,C_1038,ST_789
OR#102014,3/7/2021,4,PRD#_10593,3,C_1038,ST_789
OR#102014,3/7/2021,5,PRD#_10522,5,C_1038,ST_789
OR#102015,3/7/2021,1,PRD#_10319,1,C_1013,ST_789
OR#102015,3/7/2021,2,PRD#_10300,1,C_1013,ST_789
OR#102015,3/7/2021,3,PRD#_10075,3,C_1013,ST_789
OR#102016,3/17/2021,1,PRD#_10055,2,C_1088,ST_456
OR#102016,3/17/2021,2,PRD#_10010,5,C_1088,ST_456
OR#102016,3/17/2021,3,PRD#_10638,1,C_1088,ST_456
OR#102016,3/17/2021,4,PRD#_10243,4,C_1088,ST_456
OR#102016,3/17/2021,5,PRD#_10169,2,C_1088,ST_456
OR#102017,3/16/2021,1,PRD#_10537,1,C_1119,ST_789
OR#102017,3/16/2021,2,PRD#_10759,5,C_1119,ST_789
OR#102017,3/16/2021,3,PRD#_10171,2,C_1119,ST_789
OR#102018,3/4/2021,1,PRD#_10162,2,C_1033,ST_112
OR#102018,3/4/2021,2,PRD#_10445,2,C_1033,ST_112
OR#102018,3/4/2021,3,PRD#_10200,4,C_1033,ST_112
OR#102019,3/17/2021,1,PRD#_10026,4,C_1039,ST_456
OR#102019,3/17/2021,2,PRD#_10404,5,C_1039,ST_456
OR#102020,3/12/2021,1,PRD#_10638,2,C_1082,ST_456
OR#102020,3/12/2021,2,PRD#_10274,3,C_1082,ST_456
OR#102020,3/12/2021,3,PRD#_10526,2,C_1082,ST_456
OR#102021,3/28/2021,1,PRD#_10711,1,C_1137,ST_234
OR#102021,3/28/2021,2,PRD#_10438,5,C_1137,ST_234
OR#102021,3/28/2021,3,PRD#_10776,5,C_1137,ST_234
OR#102021,3/28/2021,4,PRD#_10605,1,C_1137,ST_234
OR#102021,3/28/2021,5,PRD#_10264,4,C_1137,ST_234
OR#102022,3/25/2021,1,PRD#_10732,5,C_1077,ST_890
OR#102022,3/25/2021,2,PRD#_10045,3,C_1077,ST_890
OR#102022,3/25/2021,3,PRD#_10353,2,C_1077,ST_890
OR#102022,3/25/2021,4,PRD#_10063,2,C_1077,ST_890
OR#102023,3/9/2021,1,PRD#_10561,4,C_1013,ST_678
OR#102023,3/9/2021,2,PRD#_10289,4,C_1013,ST_678
OR#102023,3/9/2021,3,PRD#_10644,3,C_1013,ST_678
OR#102024,3/23/2021,1,PRD#_10623,1,C_1015,ST_234
OR#102024,3/23/2021,2,PRD#_10108,1,C_1015,ST_234
OR#102024,3/23/2021,3,PRD#_10424,4,C_1015,ST_234
OR#102024,3/23/2021,4,PRD#_10138,4,C_1015,ST_234
OR#102025,3/1/2021,1,PRD#_10128,4,C_1043,ST_345
OR#102025,3/1/2021,2,PRD#_10679,4,C_1043,ST_345
OR#102025,3/1/2021,3,PRD#_10555,4,C_1043,ST_345
OR#102026,3/24/2021,1,PRD#_10486,4,C_1033,ST_234
OR#102026,3/24/2021,2,PRD#_10767,4,C_1033,ST_234
OR#102026,3/24/2021,3,PRD#_10087,3,C_1033,ST_234
OR#102026,3/24/2021,4,PRD#_10335,1,C_1033,ST_234
OR#102027,3/31/2021,1,PRD#_10658,3,C_1078,ST_456
OR#102028,3/18/2021,1,PRD#_10183,2,C_1083,ST_678
OR#102028,3/18/2021,2,PRD#_10789,1,C_1083,ST_678
OR#102028,3/18/2021,3,PRD#_10780,4,C_1083,ST_678
OR#102028,3/18/2021,4,PRD#_10347,2,C_1083,ST_678
OR#102028,3/18/2021,5,PRD#_10712,2,C_1083,ST_678
OR#102029,3/30/2021,1,PRD#_10797,5,C_1056,ST_789
OR#102029,3/30/2021,2,PRD#_10548,4,C_1056,ST_789
OR#102029,3/30/2021,3,PRD#_10767,5,C_1056,ST_789
OR#102029,3/30/2021,4,PRD#_10127,4,C_1056,ST_789
OR#102030,3/21/2021,1,PRD#_10204,1,C_1060,ST_890
OR#102030,3/21/2021,2,PRD#_10680,3,C_1060,ST_890
OR#102031,3/28/2021,1,PRD#_10451,3,C_1089,ST_345
OR#102031,3/28/2021,2,PRD#_10117,5,C_1089,ST_345
OR#102031,3/28/2021,3,PRD#_10574,1,C_1089,ST_345
OR#102031,3/28/2021,4,PRD#_10450,4,C_1089,ST_345
OR#102031,3/28/2021,5,PRD#_10722,1,C_1089,ST_345
OR#102032,3/5/2021,1,PRD#_10522,2,C_1087,ST_456
OR#102032,3/5/2021,2,PRD#_10761,3,C_1087,ST_456
OR#102032,3/5/2021,3,PRD#_10191,1,C_1087,ST_456
OR#102032,3/5/2021,4,PRD#_10510,1,C_1087,ST_456
OR#102033,3/29/2021,1,PRD#_10154,5,C_1008,ST_678
OR#102033,3/29/2021,2,PRD#_10419,2,C_1008,ST_678
OR#102033,3/29/2021,3,PRD#_10714,3,C_1008,ST_678
OR#102034,3/14/2021,1,PRD#_10705,1,C_1050,ST_890
OR#102035,3/16/2021,1,PRD#_10844,2,C_1085,ST_789
OR#102035,3/16/2021,2,PRD#_10595,2,C_1085,ST_789
OR#102035,3/16/2021,3,PRD#_10494,5,C_1085,ST_789
OR#102035,3/16/2021,4,PRD#_10170,4,C_1085,ST_789
OR#102036,3/26/2021,1,PRD#_10271,4,C_1056,ST_567
OR#102036,3/26/2021,2,PRD#_10374,5,C_1056,ST_567
OR#102037,3/28/2021,1,PRD#_10774,3,C_1075,ST_901
OR#102037,3/28/2021,2,PRD#_10064,3,C_1075,ST_901
OR#102037,3/28/2021,3,PRD#_10191,4,C_1075,ST_901
OR#102037,3/28/2021,4,PRD#_10515,3,C_1075,ST_901
OR#102037,3/28/2021,5,PRD#_10062,5,C_1075,ST_901
OR#102038,3/13/2021,1,PRD#_10443,1,C_1064,ST_901
OR#102038,3/13/2021,2,PRD#_10708,2,C_1064,ST_901
OR#102038,3/13/2021,3,PRD#_10080,5,C_1064,ST_901
OR#102038,3/13/2021,4,PRD#_10558,4,C_1064,ST_901
OR#102038,3/13/2021,5,PRD#_10108,5,C_1064,ST_901
OR#102039,3/2/2021,1,PRD#_10839,4,C_1084,ST_890
OR#102039,3/2/2021,2,PRD#_10487,5,C_1084,ST_890
OR#102039,3/2/2021,3,PRD#_10059,2,C_1084,ST_890
OR#102040,3/25/2021,1,PRD#_10750,2,C_1032,ST_234
OR#102040,3/25/2021,2,PRD#_10611,5,C_1032,ST_234
OR#102041,3/20/2021,1,PRD#_10792,1,C_1019,ST_234
OR#102041,3/20/2021,2,PRD#_10673,1,C_1019,ST_234
OR#102042,3/15/2021,1,PRD#_10651,1,C_1057,ST_901
OR#102042,3/15/2021,2,PRD#_10170,5,C_1057,ST_901
OR#102042,3/15/2021,3,PRD#_10079,3,C_1057,ST_901
OR#102042,3/15/2021,4,PRD#_10534,1,C_1057,ST_901
OR#102043,3/22/2021,1,PRD#_10004,3,C_1092,ST_112
OR#102043,3/22/2021,2,PRD#_10658,4,C_1092,ST_112
OR#102044,3/29/2021,1,PRD#_10822,5,C_1123,ST_345
OR#102044,3/29/2021,2,PRD#_10128,5,C_1123,ST_345
OR#102045,3/30/2021,1,PRD#_10253,1,C_1065,ST_456
OR#102045,3/30/2021,2,PRD#_10832,3,C_1065,ST_456
OR#102045,3/30/2021,3,PRD#_10433,4,C_1065,ST_456
OR#102046,3/10/2021,1,PRD#_10379,4,C_1094,ST_678
OR#102046,3/10/2021,2,PRD#_10569,1,C_1094,ST_678
OR#102046,3/10/2021,3,PRD#_10435,1,C_1094,ST_678
OR#102047,3/12/2021,1,PRD#_10496,3,C_1042,ST_123
OR#102048,3/21/2021,1,PRD#_10604,1,C_1023,ST_456
OR#102049,3/28/2021,1,PRD#_10590,1,C_1012,ST_234
OR#102049,3/28/2021,2,PRD#_10774,5,C_1012,ST_234
OR#102049,3/28/2021,3,PRD#_10016,2,C_1012,ST_234
OR#102050,3/28/2021,1,PRD#_10110,1,C_1120,ST_123
OR#102050,3/28/2021,2,PRD#_10483,4,C_1120,ST_123
OR#102050,3/28/2021,3,PRD#_10405,5,C_1120,ST_123
OR#102050,3/28/2021,4,PRD#_10600,2,C_1120,ST_123
OR#102050,3/28/2021,5,PRD#_10297,1,C_1120,ST_123
OR#102051,3/4/2021,1,PRD#_10474,5,C_1122,ST_678
OR#102051,3/4/2021,2,PRD#_10775,3,C_1122,ST_678
OR#102051,3/4/2021,3,PRD#_10107,5,C_1122,ST_678
OR#102051,3/4/2021,4,PRD#_10332,4,C_1122,ST_678
OR#102051,3/4/2021,5,PRD#_10521,4,C_1122,ST_678
OR#102052,3/24/2021,1,PRD#_10605,2,C_1114,ST_345
OR#102052,3/24/2021,2,PRD#_10834,2,C_1114,ST_345
OR#102052,3/24/2021,3,PRD#_10524,3,C_1114,ST_345
OR#102052,3/24/2021,4,PRD#_10416,4,C_1114,ST_345
OR#102052,3/24/2021,5,PRD#_10628,2,C_1114,ST_345
OR#102053,3/2/2021,1,PRD#_10462,2,C_1014,ST_789
OR#102053,3/2/2021,2,PRD#_10093,4,C_1014,ST_789
OR#102053,3/2/2021,3,PRD#_10494,3,C_1014,ST_789
OR#102053,3/2/2021,4,PRD#_10035,4,C_1014,ST_789
OR#102054,3/1/2021,1,PRD#_10267,4,C_1097,ST_567
OR#102055,3/6/2021,1,PRD#_10589,1,C_1143,ST_567
OR#102055,3/6/2021,2,PRD#_10058,2,C_1143,ST_567
OR#102055,3/6/2021,3,PRD#_10119,2,C_1143,ST_567
OR#102055,3/6/2021,4,PRD#_10543,3,C_1143,ST_567
OR#102056,3/14/2021,1,PRD#_10589,4,C_1073,ST_456
OR#102057,3/1/2021,1,PRD#_10076,2,C_1121,ST_901
OR#102057,3/1/2021,2,PRD#_10015,3,C_1121,ST_901
OR#102057,3/1/2021,3,PRD#_10588,2,C_1121,ST_901
OR#102057,3/1/2021,4,PRD#_10275,4,C_1121,ST_901
OR#102057,3/1/2021,5,PRD#_10348,1,C_1121,ST_901
OR#102058,3/27/2021,1,PRD#_10592,2,C_1061,ST_112
OR#102059,3/19/2021,1,PRD#_10136,3,C_1059,ST_456
OR#102059,3/19/2021,2,PRD#_10027,4,C_1059,ST_456
OR#102060,3/9/2021,1,PRD#_10142,5,C_1037,ST_789
OR#102060,3/9/2021,2,PRD#_10053,1,C_1037,ST_789
OR#102060,3/9/2021,3,PRD#_10716,1,C_1037,ST_789
OR#102060,3/9/2021,4,PRD#_10090,3,C_1037,ST_789
OR#102061,3/21/2021,1,PRD#_10048,3,C_1072,ST_234
OR#102061,3/21/2021,2,PRD#_10574,1,C_1072,ST_234
OR#102062,3/18/2021,1,PRD#_10695,4,C_1004,ST_234
OR#102062,3/18/2021,2,PRD#_10319,1,C_1004,ST_234
OR#102062,3/18/2021,3,PRD#_10363,1,C_1004,ST_234
OR#102062,3/18/2021,4,PRD#_10146,5,C_1004,ST_234
OR#102063,3/10/2021,1,PRD#_10254,3,C_1112,ST_123
OR#102063,3/10/2021,2,PRD#_10750,1,C_1112,ST_123
OR#102064,3/20/2021,1,PRD#_10526,4,C_1005,ST_789
OR#102064,3/20/2021,2,PRD#_10441,2,C_1005,ST_789
OR#102065,3/26/2021,1,PRD#_10410,5,C_1053,ST_123
OR#102065,3/26/2021,2,PRD#_10526,5,C_1053,ST_123
OR#102066,3/3/2021,1,PRD#_10176,2,C_1140,ST_456
OR#102066,3/3/2021,2,PRD#_10784,1,C_1140,ST_456
OR#102066,3/3/2021,3,PRD#_10731,3,C_1140,ST_456
OR#102066,3/3/2021,4,PRD#_10141,5,C_1140,ST_456
OR#102066,3/3/2021,5,PRD#_10624,3,C_1140,ST_456
OR#102067,3/16/2021,1,PRD#_10107,5,C_1088,ST_901
OR#102067,3/16/2021,2,PRD#_10615,3,C_1088,ST_901
OR#102068,3/26/2021,1,PRD#_10469,3,C_1124,ST_345
OR#102069,3/24/2021,1,PRD#_10230,5,C_1098,ST_678
OR#102070,3/14/2021,1,PRD#_10697,3,C_1102,ST_123
OR#102071,3/12/2021,1,PRD#_10106,2,C_1013,ST_112
OR#102071,3/12/2021,2,PRD#_10406,2,C_1013,ST_112
OR#102071,3/12/2021,3,PRD#_10139,5,C_1013,ST_112
OR#102072,3/19/2021,1,PRD#_10295,5,C_1003,ST_890
OR#102072,3/19/2021,2,PRD#_10463,4,C_1003,ST_890
OR#102072,3/19/2021,3,PRD#_10039,2,C_1003,ST_890
OR#102072,3/19/2021,4,PRD#_10334,1,C_1003,ST_890
OR#102073,3/8/2021,1,PRD#_10800,1,C_1004,ST_890
OR#102073,3/8/2021,2,PRD#_10439,3,C_1004,ST_890
OR#102073,3/8/2021,3,PRD#_10785,3,C_1004,ST_890
OR#102073,3/8/2021,4,PRD#_10091,2,C_1004,ST_890
OR#102073,3/8/2021,5,PRD#_10377,3,C_1004,ST_890
OR#102074,3/13/2021,1,PRD#_10072,4,C_1117,ST_456
OR#102074,3/13/2021,2,PRD#_10523,1,C_1117,ST_456
OR#102074,3/13/2021,3,PRD#_10207,1,C_1117,ST_456
OR#102074,3/13/2021,4,PRD#_10332,1,C_1117,ST_456
OR#102074,3/13/2021,5,PRD#_10522,2,C_1117,ST_456
OR#102075,3/25/2021,1,PRD#_10264,4,C_1003,ST_112
OR#102075,3/25/2021,2,PRD#_10466,3,C_1003,ST_112
OR#102075,3/25/2021,3,PRD#_10476,3,C_1003,ST_112
OR#102076,3/3/2021,1,PRD#_10831,4,C_1115,ST_345
OR#102076,3/3/2021,2,PRD#_10437,3,C_1115,ST_345
OR#102076,3/3/2021,3,PRD#_10197,2,C_1115,ST_345
OR#102076,3/3/2021,4,PRD#_10553,5,C_1115,ST_345
OR#102076,3/3/2021,5,PRD#_10766,1,C_1115,ST_345
OR#102077,3/31/2021,1,PRD#_10455,4,C_1067,ST_234
OR#102077,3/31/2021,2,PRD#_10185,4,C_1067,ST_234
OR#102077,3/31/2021,3,PRD#_10687,4,C_1067,ST_234
OR#102077,3/31/2021,4,PRD#_10766,4,C_1067,ST_234
OR#102078,3/1/2021,1,PRD#_10307,2,C_1129,ST_678
OR#102078,3/1/2021,2,PRD#_10733,3,C_1129,ST_678
OR#102078,3/1/2021,3,PRD#_10848,5,C_1129,ST_678
OR#102078,3/1/2021,4,PRD#_10714,4,C_1129,ST_678
OR#102079,3/31/2021,1,PRD#_10692,3,C_1077,ST_901
OR#102079,3/31/2021,2,PRD#_10060,2,C_1077,ST_901
OR#102079,3/31/2021,3,PRD#_10575,5,C_1077,ST_901
OR#102080,3/31/2021,1,PRD#_10030,4,C_1026,ST_456
OR#102080,3/31/2021,2,PRD#_10679,5,C_1026,ST_456
OR#102080,3/31/2021,3,PRD#_10244,1,C_1026,ST_456
OR#102080,3/31/2021,4,PRD#_10688,4,C_1026,ST_456
OR#102080,3/31/2021,5,PRD#_10578,1,C_1026,ST_456
OR#102081,3/28/2021,1,PRD#_10297,5,C_1023,ST_678
OR#102081,3/28/2021,2,PRD#_10026,1,C_1023,ST_678
OR#102081,3/28/2021,3,PRD#_10705,5,C_1023,ST_678
OR#102081,3/28/2021,4,PRD#_10143,5,C_1023,ST_678
OR#102082,3/2/2021,1,PRD#_10345,5,C_1005,ST_890
OR#102082,3/2/2021,2,PRD#_10827,4,C_1005,ST_890
OR#102082,3/2/2021,3,PRD#_10836,3,C_1005,ST_890
OR#102083,3/6/2021,1,PRD#_10246,4,C_1107,ST_567
OR#102083,3/6/2021,2,PRD#_10654,3,C_1107,ST_567
OR#102083,3/6/2021,3,PRD#_10737,4,C_1107,ST_567
OR#102083,3/6/2021,4,PRD#_10374,2,C_1107,ST_567
OR#102084,3/29/2021,1,PRD#_10418,2,C_1121,ST_567
OR#102085,3/13/2021,1,PRD#_10702,3,C_1082,ST_234
OR#102085,3/13/2021,2,PRD#_10837,2,C_1082,ST_234
OR#102085,3/13/2021,3,PRD#_10363,5,C_1082,ST_234
OR#102085,3/13/2021,4,PRD#_10174,3,C_1082,ST_234
OR#102085,3/13/2021,5,PRD#_10177,4,C_1082,ST_234
OR#102086,3/29/2021,1,PRD#_10721,4,C_1048,ST_567
OR#102086,3/29/2021,2,PRD#_10668,5,C_1048,ST_567
OR#102086,3/29/2021,3,PRD#_10353,2,C_1048,ST_567
OR#102086,3/29/2021,4,PRD#_10354,4,C_1048,ST_567
OR#102087,3/11/2021,1,PRD#_10497,5,C_1041,ST_112
OR#102088,3/30/2021,1,PRD#_10212,3,C_1016,ST_789
OR#102088,3/30/2021,2,PRD#_10208,5,C_1016,ST_789
OR#102089,3/25/2021,1,PRD#_10724,5,C_1043,ST_567
OR#102089,3/25/2021,2,PRD#_10703,1,C_1043,ST_567
OR#102090,3/14/2021,1,PRD#_10706,3,C_1071,ST_345
OR#102090,3/14/2021,2,PRD#_10004,4,C_1071,ST_345
OR#102090,3/14/2021,3,PRD#_10593,5,C_1071,ST_345
OR#102091,3/11/2021,1,PRD#_10671,5,C_1136,ST_890
OR#102092,3/21/2021,1,PRD#_10624,2,C_1008,ST_890
OR#102092,3/21/2021,2,PRD#_10154,2,C_1008,ST_890
OR#102092,3/21/2021,3,PRD#_10203,5,C_1008,ST_890
OR#102093,3/24/2021,1,PRD#_10059,1,C_1011,ST_456
OR#102094,3/24/2021,1,PRD#_10557,3,C_1133,ST_234
OR#102094,3/24/2021,2,PRD#_10316,2,C_1133,ST_234
OR#102094,3/24/2021,3,PRD#_10767,4,C_1133,ST_234
OR#102094,3/24/2021,4,PRD#_10820,1,C_1133,ST_234
OR#102094,3/24/2021,5,PRD#_10106,4,C_1133,ST_234
OR#102095,3/26/2021,1,PRD#_10632,3,C_1134,ST_123
OR#102096,3/24/2021,1,PRD#_10254,4,C_1059,ST_456
OR#102096,3/24/2021,2,PRD#_10586,2,C_1059,ST_456
OR#102097,3/10/2021,1,PRD#_10135,4,C_1109,ST_890
OR#102098,3/13/2021,1,PRD#_10415,1,C_1047,ST_112
OR#102098,3/13/2021,2,PRD#_10093,4,C_1047,ST_112
OR#102099,3/17/2021,1,PRD#_10835,3,C_1098,ST_123
OR#102099,3/17/2021,2,PRD#_10382,2,C_1098,ST_123
OR#102100,3/25/2021,1,PRD#_10664,4,C_1063,ST_567
OR#102100,3/25/2021,2,PRD#_10559,2,C_1063,ST_567
OR#102100,3/25/2021,3,PRD#_10287,1,C_1063,ST_567
OR#102100,3/25/2021,4,PRD#_10278,3,C_1063,ST_567
OR#102100,3/25/2021,5,PRD#_10273,2,C_1063,ST_567
OR#102101,3/6/2021,1,PRD#_10745,1,C_1049,ST_345
OR#102101,3/6/2021,2,PRD#_10517,1,C_1049,ST_345
OR#102101,3/6/2021,3,PRD#_10333,2,C_1049,ST_345
OR#102102,3/31/2021,1,PRD#_10830,2,C_1136,ST_456
OR#102102,3/31/2021,2,PRD#_10550,1,C_1136,ST_456
OR#102102,3/31/2021,3,PRD#_10017,3,C_1136,ST_456
OR#102102,3/31/2021,4,PRD#_10671,1,C_1136,ST_456
OR#102103,3/9/2021,1,PRD#_10528,2,C_1127,ST_345
OR#102103,3/9/2021,2,PRD#_10071,2,C_1127,ST_345
OR#102103,3/9/2021,3,PRD#_10338,4,C_1127,ST_345
OR#102103,3/9/2021,4,PRD#_10735,3,C_1127,ST_345
OR#102104,3/9/2021,1,PRD#_10833,5,C_1039,ST_456
OR#102104,3/9/2021,2,PRD#_10774,4,C_1039,ST_456
OR#102105,3/5/2021,1,PRD#_10135,3,C_1044,ST_567
OR#102105,3/5/2021,2,PRD#_10765,2,C_1044,ST_567
OR#102106,3/13/2021,1,PRD#_10191,5,C_1077,ST_234
OR#102107,3/11/2021,1,PRD#_10462,1,C_1073,ST_567
OR#102107,3/11/2021,2,PRD#_10640,4,C_1073,ST_567
OR#102107,3/11/2021,3,PRD#_10497,5,C_1073,ST_567
OR#102108,3/29/2021,1,PRD#_10529,1,C_1142,ST_345
OR#102108,3/29/2021,2,PRD#_10127,5,C_1142,ST_345
OR#102108,3/29/2021,3,PRD#_10376,1,C_1142,ST_345
OR#102108,3/29/2021,4,PRD#_10337,5,C_1142,ST_345
OR#102108,3/29/2021,5,PRD#_10153,1,C_1142,ST_345
OR#102109,3/21/2021,1,PRD#_10048,5,C_1023,ST_234
OR#102109,3/21/2021,2,PRD#_10835,1,C_1023,ST_234
OR#102109,3/21/2021,3,PRD#_10174,2,C_1023,ST_234
OR#102109,3/21/2021,4,PRD#_10388,5,C_1023,ST_234
OR#102109,3/21/2021,5,PRD#_10121,5,C_1023,ST_234
OR#102110,3/4/2021,1,PRD#_10464,4,C_1062,ST_345
OR#102111,3/26/2021,1,PRD#_10569,1,C_1133,ST_567
OR#102111,3/26/2021,2,PRD#_10298,5,C_1133,ST_567
OR#102111,3/26/2021,3,PRD#_10106,3,C_1133,ST_567
OR#102111,3/26/2021,4,PRD#_10517,3,C_1133,ST_567
OR#102111,3/26/2021,5,PRD#_10542,2,C_1133,ST_567
OR#102112,3/18/2021,1,PRD#_10487,4,C_1090,ST_112
OR#102112,3/18/2021,2,PRD#_10392,5,C_1090,ST_112
OR#102112,3/18/2021,3,PRD#_10585,2,C_1090,ST_112
OR#102112,3/18/2021,4,PRD#_10118,1,C_1090,ST_112
OR#102112,3/18/2021,5,PRD#_10023,1,C_1090,ST_112
OR#102113,3/5/2021,1,PRD#_10103,3,C_1120,ST_890
OR#102113,3/5/2021,2,PRD#_10525,4,C_1120,ST_890
OR#102113,3/5/2021,3,PRD#_10560,4,C_1120,ST_890
OR#102113,3/5/2021,4,PRD#_10444,4,C_1120,ST_890
OR#102114,3/1/2021,1,PRD#_10347,4,C_1052,ST_345
OR#102115,3/2/2021,1,PRD#_10013,4,C_1091,ST_567
OR#102115,3/2/2021,2,PRD#_10169,3,C_1091,ST_567
OR#102115,3/2/2021,3,PRD#_10454,5,C_1091,ST_567
OR#102115,3/2/2021,4,PRD#_10122,1,C_1091,ST_567
OR#102115,3/2/2021,5,PRD#_10058,5,C_1091,ST_567
OR#102116,3/13/2021,1,PRD#_10725,2,C_1127,ST_789
OR#102117,3/6/2021,1,PRD#_10684,3,C_1085,ST_456
OR#102117,3/6/2021,2,PRD#_10443,5,C_1085,ST_456
OR#102118,3/1/2021,1,PRD#_10007,1,C_1074,ST_789
OR#102118,3/1/2021,2,PRD#_10017,5,C_1074,ST_789
OR#102118,3/1/2021,3,PRD#_10701,2,C_1074,ST_789
OR#102118,3/1/2021,4,PRD#_10273,2,C_1074,ST_789
OR#102118,3/1/2021,5,PRD#_10599,4,C_1074,ST_789
OR#102119,3/11/2021,1,PRD#_10722,3,C_1097,ST_678
OR#102119,3/11/2021,2,PRD#_10801,3,C_1097,ST_678
OR#102120,3/22/2021,1,PRD#_10663,5,C_1136,ST_456
OR#102120,3/22/2021,2,PRD#_10588,4,C_1136,ST_456
OR#102120,3/22/2021,3,PRD#_10581,1,C_1136,ST_456
OR#102120,3/22/2021,4,PRD#_10644,3,C_1136,ST_456
OR#102120,3/22/2021,5,PRD#_10518,4,C_1136,ST_456
OR#102121,3/4/2021,1,PRD#_10664,3,C_1084,ST_456
OR#102121,3/4/2021,2,PRD#_10228,4,C_1084,ST_456
OR#102121,3/4/2021,3,PRD#_10568,3,C_1084,ST_456
OR#102122,3/27/2021,1,PRD#_10553,5,C_1036,ST_234
OR#102122,3/27/2021,2,PRD#_10580,2,C_1036,ST_234
OR#102122,3/27/2021,3,PRD#_10092,2,C_1036,ST_234
OR#102122,3/27/2021,4,PRD#_10447,5,C_1036,ST_234
OR#102123,3/20/2021,1,PRD#_10516,2,C_1102,ST_567
OR#102123,3/20/2021,2,PRD#_10655,3,C_1102,ST_567
OR#102123,3/20/2021,3,PRD#_10142,5,C_1102,ST_567
OR#102124,3/19/2021,1,PRD#_10080,5,C_1029,ST_456
OR#102124,3/19/2021,2,PRD#_10093,5,C_1029,ST_456
OR#102125,3/7/2021,1,PRD#_10143,4,C_1076,ST_789
OR#102125,3/7/2021,2,PRD#_10201,2,C_1076,ST_789
OR#102125,3/7/2021,3,PRD#_10017,2,C_1076,ST_789
OR#102125,3/7/2021,4,PRD#_10005,5,C_1076,ST_789
OR#102125,3/7/2021,5,PRD#_10068,3,C_1076,ST_789
OR#102126,3/22/2021,1,PRD#_10020,2,C_1095,ST_901
OR#102126,3/22/2021,2,PRD#_10581,5,C_1095,ST_901
OR#102126,3/22/2021,3,PRD#_10369,5,C_1095,ST_901
OR#102126,3/22/2021,4,PRD#_10379,1,C_1095,ST_901
OR#102127,3/18/2021,1,PRD#_10160,1,C_1055,ST_234
OR#102127,3/18/2021,2,PRD#_10596,3,C_1055,ST_234
OR#102127,3/18/2021,3,PRD#_10457,5,C_1055,ST_234
OR#102127,3/18/2021,4,PRD#_10685,2,C_1055,ST_234
OR#102128,3/19/2021,1,PRD#_10771,4,C_1080,ST_567
OR#102128,3/19/2021,2,PRD#_10735,1,C_1080,ST_567
OR#102128,3/19/2021,3,PRD#_10014,3,C_1080,ST_567
OR#102128,3/19/2021,4,PRD#_10174,5,C_1080,ST_567
OR#102129,3/6/2021,1,PRD#_10109,5,C_1011,ST_789
OR#102129,3/6/2021,2,PRD#_10366,2,C_1011,ST_789
OR#102129,3/6/2021,3,PRD#_10029,2,C_1011,ST_789
OR#102130,3/16/2021,1,PRD#_10794,3,C_1079,ST_345
OR#102130,3/16/2021,2,PRD#_10200,3,C_1079,ST_345
OR#102130,3/16/2021,3,PRD#_10582,1,C_1079,ST_345
OR#102130,3/16/2021,4,PRD#_10485,5,C_1079,ST_345
OR#102131,3/14/2021,1,PRD#_10783,5,C_1123,ST_234
OR#102131,3/14/2021,2,PRD#_10656,2,C_1123,ST_234
OR#102132,3/11/2021,1,PRD#_10048,5,C_1037,ST_678
OR#102132,3/11/2021,2,PRD#_10185,4,C_1037,ST_678
OR#102132,3/11/2021,3,PRD#_10145,4,C_1037,ST_678
OR#102132,3/11/2021,4,PRD#_10368,2,C_1037,ST_678
OR#102133,3/6/2021,1,PRD#_10654,2,C_1102,ST_112
OR#102133,3/6/2021,2,PRD#_10712,5,C_1102,ST_112
OR#102133,3/6/2021,3,PRD#_10064,4,C_1102,ST_112
OR#102134,3/15/2021,1,PRD#_10776,3,C_1129,ST_890
OR#102134,3/15/2021,2,PRD#_10630,2,C_1129,ST_890
OR#102134,3/15/2021,3,PRD#_10416,4,C_1129,ST_890
OR#102134,3/15/2021,4,PRD#_10398,5,C_1129,ST_890
OR#102134,3/15/2021,5,PRD#_10637,1,C_1129,ST_890
OR#102135,3/10/2021,1,PRD#_10376,1,C_1091,ST_123
OR#102135,3/10/2021,2,PRD#_10053,4,C_1091,ST_123
OR#102135,3/10/2021,3,PRD#_10414,5,C_1091,ST_123
OR#102135,3/10/2021,4,PRD#_10805,5,C_1091,ST_123
OR#102136,3/31/2021,1,PRD#_10736,2,C_1066,ST_123
OR#102137,3/14/2021,1,PRD#_10743,5,C_1078,ST_567
OR#102137,3/14/2021,2,PRD#_10258,2,C_1078,ST_567
OR#102137,3/14/2021,3,PRD#_10795,2,C_1078,ST_567
OR#102137,3/14/2021,4,PRD#_10388,3,C_1078,ST_567
OR#102137,3/14/2021,5,PRD#_10672,4,C_1078,ST_567
OR#102138,3/1/2021,1,PRD#_10601,3,C_1052,ST_567
OR#102138,3/1/2021,2,PRD#_10504,5,C_1052,ST_567
OR#102138,3/1/2021,3,PRD#_10393,4,C_1052,ST_567
OR#102138,3/1/2021,4,PRD#_10313,5,C_1052,ST_567
OR#102138,3/1/2021,5,PRD#_10112,3,C_1052,ST_567
OR#102139,3/24/2021,1,PRD#_10705,5,C_1083,ST_345
OR#102139,3/24/2021,2,PRD#_10646,5,C_1083,ST_345
OR#102139,3/24/2021,3,PRD#_10594,2,C_1083,ST_345
OR#102140,3/5/2021,1,PRD#_10141,4,C_1063,ST_123
OR#102140,3/5/2021,2,PRD#_10536,4,C_1063,ST_123
OR#102141,3/11/2021,1,PRD#_10257,3,C_1105,ST_890
OR#102141,3/11/2021,2,PRD#_10770,3,C_1105,ST_890
OR#102141,3/11/2021,3,PRD#_10016,5,C_1105,ST_890
OR#102142,3/11/2021,1,PRD#_10640,1,C_1020,ST_234
OR#102142,3/11/2021,2,PRD#_10503,2,C_1020,ST_234
OR#102142,3/11/2021,3,PRD#_10461,2,C_1020,ST_234
OR#102142,3/11/2021,4,PRD#_10370,5,C_1020,ST_234
OR#102142,3/11/2021,5,PRD#_10095,3,C_1020,ST_234
OR#102143,3/30/2021,1,PRD#_10487,3,C_1134,ST_112
OR#102143,3/30/2021,2,PRD#_10458,1,C_1134,ST_112
OR#102143,3/30/2021,3,PRD#_10576,1,C_1134,ST_112
OR#102143,3/30/2021,4,PRD#_10371,5,C_1134,ST_112
OR#102143,3/30/2021,5,PRD#_10412,4,C_1134,ST_112
OR#102144,3/31/2021,1,PRD#_10265,3,C_1035,ST_678
OR#102144,3/31/2021,2,PRD#_10239,5,C_1035,ST_678
OR#102144,3/31/2021,3,PRD#_10240,3,C_1035,ST_678
OR#102144,3/31/2021,4,PRD#_10249,5,C_1035,ST_678
OR#102144,3/31/2021,5,PRD#_10368,2,C_1035,ST_678
OR#102145,3/2/2021,1,PRD#_10504,3,C_1056,ST_123
OR#102145,3/2/2021,2,PRD#_10322,2,C_1056,ST_123
OR#102145,3/2/2021,3,PRD#_10490,1,C_1056,ST_123
OR#102146,3/6/2021,1,PRD#_10271,2,C_1094,ST_456
OR#102146,3/6/2021,2,PRD#_10545,1,C_1094,ST_456
OR#102147,3/13/2021,1,PRD#_10735,1,C_1005,ST_234
OR#102147,3/13/2021,2,PRD#_10458,5,C_1005,ST_234
OR#102147,3/13/2021,3,PRD#_10139,4,C_1005,ST_234
OR#102147,3/13/2021,4,PRD#_10553,2,C_1005,ST_234
OR#102148,3/28/2021,1,PRD#_10726,5,C_1021,ST_890
OR#102148,3/28/2021,2,PRD#_10712,2,C_1021,ST_890
OR#102149,3/10/2021,1,PRD#_10808,3,C_1084,ST_112
OR#102149,3/10/2021,2,PRD#_10241,2,C_1084,ST_112
OR#102149,3/10/2021,3,PRD#_10530,3,C_1084,ST_112
OR#102150,3/30/2021,1,PRD#_10614,1,C_1108,ST_345
OR#102151,3/8/2021,1,PRD#_10380,5,C_1084,ST_789
OR#102151,3/8/2021,2,PRD#_10802,1,C_1084,ST_789
OR#102152,3/15/2021,1,PRD#_10329,3,C_1070,ST_112
OR#102152,3/15/2021,2,PRD#_10036,2,C_1070,ST_112
OR#102152,3/15/2021,3,PRD#_10294,4,C_1070,ST_112
OR#102153,3/14/2021,1,PRD#_10348,5,C_1108,ST_890
OR#102153,3/14/2021,2,PRD#_10792,4,C_1108,ST_890
OR#102153,3/14/2021,3,PRD#_10612,1,C_1108,ST_890
OR#102154,3/29/2021,1,PRD#_10306,4,C_1121,ST_678
OR#102154,3/29/2021,2,PRD#_10802,3,C_1121,ST_678
OR#102155,3/17/2021,1,PRD#_10568,2,C_1086,ST_901
OR#102155,3/17/2021,2,PRD#_10654,3,C_1086,ST_901
OR#102155,3/17/2021,3,PRD#_10721,2,C_1086,ST_901
OR#102155,3/17/2021,4,PRD#_10574,4,C_1086,ST_901
OR#102156,3/25/2021,1,PRD#_10811,4,C_1006,ST_234
OR#102157,3/14/2021,1,PRD#_10163,4,C_1011,ST_789
OR#102157,3/14/2021,2,PRD#_10140,1,C_1011,ST_789
OR#102158,3/10/2021,1,PRD#_10217,5,C_1008,ST_345
OR#102158,3/10/2021,2,PRD#_10331,2,C_1008,ST_345
OR#102158,3/10/2021,3,PRD#_10678,5,C_1008,ST_345
OR#102159,3/4/2021,1,PRD#_10739,1,C_1073,ST_567
OR#102160,3/17/2021,1,PRD#_10508,4,C_1101,ST_123
OR#102160,3/17/2021,2,PRD#_10467,2,C_1101,ST_123
OR#102160,3/17/2021,3,PRD#_10012,2,C_1101,ST_123
OR#102160,3/17/2021,4,PRD#_10094,1,C_1101,ST_123
OR#102160,3/17/2021,5,PRD#_10413,2,C_1101,ST_123
OR#102161,3/14/2021,1,PRD#_10469,3,C_1092,ST_901
OR#102161,3/14/2021,2,PRD#_10231,1,C_1092,ST_901
OR#102161,3/14/2021,3,PRD#_10666,3,C_1092,ST_901
OR#102161,3/14/2021,4,PRD#_10561,1,C_1092,ST_901
OR#102162,3/9/2021,1,PRD#_10832,5,C_1100,ST_234
OR#102162,3/9/2021,2,PRD#_10600,3,C_1100,ST_234
OR#102163,3/1/2021,1,PRD#_10559,1,C_1082,ST_890
OR#102163,3/1/2021,2,PRD#_10807,3,C_1082,ST_890
OR#102163,3/1/2021,3,PRD#_10645,2,C_1082,ST_890
OR#102164,3/28/2021,1,PRD#_10508,2,C_1127,ST_112
OR#102165,3/8/2021,1,PRD#_10334,4,C_1091,ST_345
OR#102165,3/8/2021,2,PRD#_10675,2,C_1091,ST_345
OR#102165,3/8/2021,3,PRD#_10243,3,C_1091,ST_345
OR#102165,3/8/2021,4,PRD#_10122,5,C_1091,ST_345
OR#102165,3/8/2021,5,PRD#_10507,5,C_1091,ST_345
OR#102166,3/7/2021,1,PRD#_10179,3,C_1098,ST_456
OR#102167,3/16/2021,1,PRD#_10028,2,C_1055,ST_123
OR#102167,3/16/2021,2,PRD#_10704,4,C_1055,ST_123
OR#102167,3/16/2021,3,PRD#_10765,4,C_1055,ST_123
OR#102167,3/16/2021,4,PRD#_10462,4,C_1055,ST_123
OR#102167,3/16/2021,5,PRD#_10192,4,C_1055,ST_123
OR#102168,3/13/2021,1,PRD#_10460,3,C_1124,ST_567
OR#102168,3/13/2021,2,PRD#_10779,3,C_1124,ST_567
OR#102169,3/27/2021,1,PRD#_10413,4,C_1001,ST_678
OR#102170,3/29/2021,1,PRD#_10649,1,C_1061,ST_234
OR#102170,3/29/2021,2,PRD#_10621,5,C_1061,ST_234
OR#102170,3/29/2021,3,PRD#_10183,5,C_1061,ST_234
OR#102171,3/25/2021,1,PRD#_10433,4,C_1027,ST_123
OR#102171,3/25/2021,2,PRD#_10490,5,C_1027,ST_123
OR#102171,3/25/2021,3,PRD#_10726,1,C_1027,ST_123
OR#102172,3/24/2021,1,PRD#_10799,2,C_1067,ST_234
OR#102172,3/24/2021,2,PRD#_10142,3,C_1067,ST_234
OR#102172,3/24/2021,3,PRD#_10677,1,C_1067,ST_234
OR#102172,3/24/2021,4,PRD#_10703,3,C_1067,ST_234
OR#102173,3/13/2021,1,PRD#_10140,3,C_1018,ST_678
OR#102174,3/1/2021,1,PRD#_10692,1,C_1105,ST_789
OR#102174,3/1/2021,2,PRD#_10558,2,C_1105,ST_789
OR#102174,3/1/2021,3,PRD#_10329,4,C_1105,ST_789
OR#102174,3/1/2021,4,PRD#_10077,4,C_1105,ST_789
OR#102174,3/1/2021,5,PRD#_10496,2,C_1105,ST_789
OR#102175,3/23/2021,1,PRD#_10498,1,C_1040,ST_234
OR#102176,3/7/2021,1,PRD#_10126,1,C_1108,ST_234
OR#102176,3/7/2021,2,PRD#_10086,5,C_1108,ST_234
OR#102176,3/7/2021,3,PRD#_10241,2,C_1108,ST_234
OR#102177,3/21/2021,1,PRD#_10816,4,C_1067,ST_901
OR#102178,3/18/2021,1,PRD#_10189,1,C_1088,ST_345
OR#102178,3/18/2021,2,PRD#_10449,2,C_1088,ST_345
OR#102179,3/11/2021,1,PRD#_10675,4,C_1088,ST_345
OR#102179,3/11/2021,2,PRD#_10760,4,C_1088,ST_345
OR#102179,3/11/2021,3,PRD#_10444,3,C_1088,ST_345
OR#102179,3/11/2021,4,PRD#_10690,1,C_1088,ST_345
OR#102180,3/4/2021,1,PRD#_10003,3,C_1084,ST_112
OR#102180,3/4/2021,2,PRD#_10841,5,C_1084,ST_112
OR#102181,3/3/2021,1,PRD#_10549,3,C_1083,ST_123
OR#102182,3/6/2021,1,PRD#_10483,3,C_1005,ST_678
OR#102182,3/6/2021,2,PRD#_10117,2,C_1005,ST_678
OR#102182,3/6/2021,3,PRD#_10461,1,C_1005,ST_678
OR#102182,3/6/2021,4,PRD#_10408,4,C_1005,ST_678
OR#102183,3/31/2021,1,PRD#_10560,4,C_1031,ST_678
OR#102183,3/31/2021,2,PRD#_10035,5,C_1031,ST_678
OR#102184,3/27/2021,1,PRD#_10554,4,C_1027,ST_567
OR#102184,3/27/2021,2,PRD#_10476,4,C_1027,ST_567
OR#102185,3/7/2021,1,PRD#_10336,5,C_1084,ST_890
OR#102185,3/7/2021,2,PRD#_10435,3,C_1084,ST_890
OR#102186,3/21/2021,1,PRD#_10660,1,C_1092,ST_678
OR#102186,3/21/2021,2,PRD#_10705,2,C_1092,ST_678
OR#102187,3/7/2021,1,PRD#_10008,5,C_1133,ST_567
OR#102187,3/7/2021,2,PRD#_10537,1,C_1133,ST_567
OR#102187,3/7/2021,3,PRD#_10364,1,C_1133,ST_567
OR#102188,3/21/2021,1,PRD#_10457,3,C_1025,ST_345
OR#102188,3/21/2021,2,PRD#_10436,2,C_1025,ST_345
OR#102189,3/4/2021,1,PRD#_10413,4,C_1082,ST_789
OR#102189,3/4/2021,2,PRD#_10739,1,C_1082,ST_789
OR#102189,3/4/2021,3,PRD#_10366,1,C_1082,ST_789
OR#102190,3/13/2021,1,PRD#_10052,4,C_1033,ST_789
OR#102190,3/13/2021,2,PRD#_10458,4,C_1033,ST_789
OR#102191,3/10/2021,1,PRD#_10735,3,C_1073,ST_234
OR#102191,3/10/2021,2,PRD#_10758,5,C_1073,ST_234
OR#102191,3/10/2021,3,PRD#_10479,5,C_1073,ST_234
OR#102192,3/12/2021,1,PRD#_10277,1,C_1028,ST_112
OR#102192,3/12/2021,2,PRD#_10243,5,C_1028,ST_112
OR#102192,3/12/2021,3,PRD#_10818,5,C_1028,ST_112
OR#102193,3/1/2021,1,PRD#_10653,5,C_1128,ST_234
OR#102194,3/25/2021,1,PRD#_10374,5,C_1109,ST_234
OR#102194,3/25/2021,2,PRD#_10765,1,C_1109,ST_234
OR#102194,3/25/2021,3,PRD#_10735,1,C_1109,ST_234
OR#102195,3/17/2021,1,PRD#_10362,3,C_1011,ST_789
OR#102195,3/17/2021,2,PRD#_10416,1,C_1011,ST_789
OR#102195,3/17/2021,3,PRD#_10822,3,C_1011,ST_789
OR#102196,3/15/2021,1,PRD#_10508,1,C_1122,ST_890
OR#102196,3/15/2021,2,PRD#_10539,3,C_1122,ST_890
OR#102197,3/21/2021,1,PRD#_10514,1,C_1117,ST_890
OR#102198,3/21/2021,1,PRD#_10781,5,C_1087,ST_234
OR#102198,3/21/2021,2,PRD#_10809,3,C_1087,ST_234
OR#102198,3/21/2021,3,PRD#_10578,3,C_1087,ST_234
OR#102198,3/21/2021,4,PRD#_10036,3,C_1087,ST_234
OR#102199,3/7/2021,1,PRD#_10373,2,C_1074,ST_901
OR#102199,3/7/2021,2,PRD#_10099,3,C_1074,ST_901
OR#102199,3/7/2021,3,PRD#_10111,2,C_1074,ST_901
OR#102199,3/7/2021,4,PRD#_10280,5,C_1074,ST_901
OR#102199,3/7/2021,5,PRD#_10007,4,C_1074,ST_901
OR#102200,3/24/2021,1,PRD#_10135,3,C_1117,ST_890
OR#102201,3/26/2021,1,PRD#_10350,2,C_1066,ST_123
OR#102201,3/26/2021,2,PRD#_10217,4,C_1066,ST_123
OR#102202,3/30/2021,1,PRD#_10217,4,C_1003,ST_456
OR#102203,3/27/2021,1,PRD#_10613,5,C_1140,ST_890
OR#102203,3/27/2021,2,PRD#_10170,4,C_1140,ST_890
OR#102203,3/27/2021,3,PRD#_10295,2,C_1140,ST_890
OR#102204,3/17/2021,1,PRD#_10124,2,C_1124,ST_678
OR#102204,3/17/2021,2,PRD#_10228,3,C_1124,ST_678
OR#102205,3/18/2021,1,PRD#_10242,1,C_1120,ST_112
OR#102205,3/18/2021,2,PRD#_10603,4,C_1120,ST_112
OR#102205,3/18/2021,3,PRD#_10488,2,C_1120,ST_112
OR#102206,3/25/2021,1,PRD#_10098,2,C_1072,ST_567
OR#102206,3/25/2021,2,PRD#_10398,5,C_1072,ST_567
OR#102207,3/30/2021,1,PRD#_10058,5,C_1007,ST_890
OR#102207,3/30/2021,2,PRD#_10150,4,C_1007,ST_890
OR#102207,3/30/2021,3,PRD#_10017,3,C_1007,ST_890
OR#102207,3/30/2021,4,PRD#_10772,2,C_1007,ST_890
OR#102207,3/30/2021,5,PRD#_10082,5,C_1007,ST_890
OR#102208,3/22/2021,1,PRD#_10285,3,C_1073,ST_567
OR#102208,3/22/2021,2,PRD#_10569,5,C_1073,ST_567
OR#102208,3/22/2021,3,PRD#_10572,4,C_1073,ST_567
OR#102209,3/18/2021,1,PRD#_10116,1,C_1020,ST_345
OR#102209,3/18/2021,2,PRD#_10568,5,C_1020,ST_345
OR#102209,3/18/2021,3,PRD#_10742,3,C_1020,ST_345
OR#102210,3/18/2021,1,PRD#_10190,3,C_1013,ST_456
OR#102210,3/18/2021,2,PRD#_10767,3,C_1013,ST_456
OR#102210,3/18/2021,3,PRD#_10518,1,C_1013,ST_456
OR#102210,3/18/2021,4,PRD#_10384,4,C_1013,ST_456
OR#102210,3/18/2021,5,PRD#_10542,5,C_1013,ST_456
OR#102211,3/16/2021,1,PRD#_10546,2,C_1040,ST_567
OR#102211,3/16/2021,2,PRD#_10026,1,C_1040,ST_567
OR#102211,3/16/2021,3,PRD#_10846,2,C_1040,ST_567
OR#102212,3/9/2021,1,PRD#_10833,5,C_1073,ST_901
OR#102212,3/9/2021,2,PRD#_10486,5,C_1073,ST_901
OR#102212,3/9/2021,3,PRD#_10031,1,C_1073,ST_901
OR#102212,3/9/2021,4,PRD#_10442,5,C_1073,ST_901
OR#102213,3/14/2021,1,PRD#_10326,4,C_1135,ST_901
OR#102213,3/14/2021,2,PRD#_10344,2,C_1135,ST_901
OR#102213,3/14/2021,3,PRD#_10436,3,C_1135,ST_901
OR#102213,3/14/2021,4,PRD#_10793,2,C_1135,ST_901
OR#102214,3/6/2021,1,PRD#_10392,5,C_1143,ST_456
OR#102215,3/11/2021,1,PRD#_10148,3,C_1081,ST_901
OR#102216,3/9/2021,1,PRD#_10324,5,C_1061,ST_890
OR#102216,3/9/2021,2,PRD#_10619,2,C_1061,ST_890
OR#102216,3/9/2021,3,PRD#_10564,2,C_1061,ST_890
OR#102216,3/9/2021,4,PRD#_10804,1,C_1061,ST_890
OR#102217,3/15/2021,1,PRD#_10428,2,C_1134,ST_890
OR#102217,3/15/2021,2,PRD#_10113,2,C_1134,ST_890
OR#102217,3/15/2021,3,PRD#_10776,4,C_1134,ST_890
OR#102217,3/15/2021,4,PRD#_10395,3,C_1134,ST_890
OR#102217,3/15/2021,5,PRD#_10121,2,C_1134,ST_890
OR#102218,3/20/2021,1,PRD#_10437,5,C_1102,ST_345
OR#102218,3/20/2021,2,PRD#_10488,4,C_1102,ST_345
OR#102218,3/20/2021,3,PRD#_10311,1,C_1102,ST_345
OR#102218,3/20/2021,4,PRD#_10816,2,C_1102,ST_345
OR#102219,3/13/2021,1,PRD#_10797,3,C_1056,ST_678
OR#102219,3/13/2021,2,PRD#_10667,3,C_1056,ST_678
OR#102219,3/13/2021,3,PRD#_10533,3,C_1056,ST_678
OR#102219,3/13/2021,4,PRD#_10644,4,C_1056,ST_678
OR#102220,3/9/2021,1,PRD#_10347,2,C_1019,ST_678
OR#102221,3/30/2021,1,PRD#_10636,3,C_1131,ST_345
OR#102221,3/30/2021,2,PRD#_10829,1,C_1131,ST_345
OR#102221,3/30/2021,3,PRD#_10421,3,C_1131,ST_345
OR#102221,3/30/2021,4,PRD#_10617,5,C_1131,ST_345
OR#102221,3/30/2021,5,PRD#_10516,1,C_1131,ST_345
OR#102222,3/15/2021,1,PRD#_10292,4,C_1129,ST_890
OR#102222,3/15/2021,2,PRD#_10526,2,C_1129,ST_890
OR#102222,3/15/2021,3,PRD#_10752,1,C_1129,ST_890
OR#102222,3/15/2021,4,PRD#_10704,1,C_1129,ST_890
OR#102222,3/15/2021,5,PRD#_10540,4,C_1129,ST_890
OR#102223,3/15/2021,1,PRD#_10377,2,C_1029,ST_901
OR#102224,3/22/2021,1,PRD#_10053,3,C_1044,ST_567
OR#102224,3/22/2021,2,PRD#_10217,4,C_1044,ST_567
OR#102224,3/22/2021,3,PRD#_10818,2,C_1044,ST_567
OR#102225,3/18/2021,1,PRD#_10348,3,C_1033,ST_345
OR#102225,3/18/2021,2,PRD#_10733,5,C_1033,ST_345
OR#102225,3/18/2021,3,PRD#_10370,2,C_1033,ST_345
OR#102225,3/18/2021,4,PRD#_10022,4,C_1033,ST_345
OR#102225,3/18/2021,5,PRD#_10207,3,C_1033,ST_345
OR#102226,3/15/2021,1,PRD#_10186,4,C_1085,ST_112
OR#102227,3/17/2021,1,PRD#_10529,5,C_1115,ST_112
OR#102228,3/10/2021,1,PRD#_10580,2,C_1038,ST_123
OR#102229,3/16/2021,1,PRD#_10676,1,C_1022,ST_901
OR#102229,3/16/2021,2,PRD#_10070,4,C_1022,ST_901
OR#102230,3/5/2021,1,PRD#_10250,4,C_1007,ST_678
OR#102230,3/5/2021,2,PRD#_10501,4,C_1007,ST_678
OR#102230,3/5/2021,3,PRD#_10335,2,C_1007,ST_678
OR#102230,3/5/2021,4,PRD#_10348,4,C_1007,ST_678
OR#102231,3/20/2021,1,PRD#_10222,3,C_1091,ST_123
OR#102231,3/20/2021,2,PRD#_10799,5,C_1091,ST_123
OR#102231,3/20/2021,3,PRD#_10245,1,C_1091,ST_123
OR#102231,3/20/2021,4,PRD#_10696,1,C_1091,ST_123
OR#102231,3/20/2021,5,PRD#_10740,5,C_1091,ST_123
OR#102232,3/11/2021,1,PRD#_10353,4,C_1130,ST_567
OR#102232,3/11/2021,2,PRD#_10397,3,C_1130,ST_567
OR#102232,3/11/2021,3,PRD#_10375,3,C_1130,ST_567
OR#102233,3/6/2021,1,PRD#_10464,1,C_1101,ST_456
OR#102233,3/6/2021,2,PRD#_10702,3,C_1101,ST_456
OR#102234,3/30/2021,1,PRD#_10132,2,C_1040,ST_345
OR#102234,3/30/2021,2,PRD#_10376,4,C_1040,ST_345
OR#102234,3/30/2021,3,PRD#_10490,1,C_1040,ST_345
OR#102234,3/30/2021,4,PRD#_10288,4,C_1040,ST_345
OR#102235,3/9/2021,1,PRD#_10790,3,C_1128,ST_456
OR#102235,3/9/2021,2,PRD#_10203,3,C_1128,ST_456
OR#102235,3/9/2021,3,PRD#_10219,1,C_1128,ST_456
OR#102235,3/9/2021,4,PRD#_10215,4,C_1128,ST_456
OR#102236,3/23/2021,1,PRD#_10344,4,C_1106,ST_456
OR#102236,3/23/2021,2,PRD#_10113,3,C_1106,ST_456
OR#102236,3/23/2021,3,PRD#_10142,5,C_1106,ST_456
OR#102237,3/3/2021,1,PRD#_10397,5,C_1088,ST_112
OR#102237,3/3/2021,2,PRD#_10454,4,C_1088,ST_112
OR#102238,3/28/2021,1,PRD#_10136,3,C_1012,ST_345
OR#102239,3/24/2021,1,PRD#_10276,5,C_1078,ST_901
OR#102240,3/20/2021,1,PRD#_10797,2,C_1035,ST_890
OR#102241,3/13/2021,1,PRD#_10087,2,C_1057,ST_789
OR#102242,3/13/2021,1,PRD#_10282,4,C_1144,ST_567
OR#102243,3/15/2021,1,PRD#_10847,4,C_1111,ST_123
OR#102243,3/15/2021,2,PRD#_10503,1,C_1111,ST_123
OR#102243,3/15/2021,3,PRD#_10293,3,C_1111,ST_123
OR#102244,3/17/2021,1,PRD#_10742,1,C_1099,ST_567
OR#102245,3/15/2021,1,PRD#_10834,5,C_1140,ST_456
OR#102245,3/15/2021,2,PRD#_10632,1,C_1140,ST_456
OR#102245,3/15/2021,3,PRD#_10646,2,C_1140,ST_456
OR#102245,3/15/2021,4,PRD#_10348,3,C_1140,ST_456
OR#102246,3/5/2021,1,PRD#_10695,3,C_1001,ST_567
OR#102246,3/5/2021,2,PRD#_10387,5,C_1001,ST_567
OR#102246,3/5/2021,3,PRD#_10679,4,C_1001,ST_567
OR#102246,3/5/2021,4,PRD#_10304,5,C_1001,ST_567
OR#102246,3/5/2021,5,PRD#_10171,3,C_1001,ST_567
OR#102247,3/15/2021,1,PRD#_10833,2,C_1095,ST_901
OR#102247,3/15/2021,2,PRD#_10219,3,C_1095,ST_901
OR#102247,3/15/2021,3,PRD#_10677,2,C_1095,ST_901
OR#102248,3/10/2021,1,PRD#_10004,4,C_1055,ST_112
OR#102248,3/10/2021,2,PRD#_10699,4,C_1055,ST_112
OR#102248,3/10/2021,3,PRD#_10097,3,C_1055,ST_112
OR#102249,3/24/2021,1,PRD#_10487,5,C_1065,ST_456
OR#102250,3/24/2021,1,PRD#_10677,4,C_1140,ST_567
OR#102250,3/24/2021,2,PRD#_10849,2,C_1140,ST_567
OR#102250,3/24/2021,3,PRD#_10787,4,C_1140,ST_567
OR#102251,3/7/2021,1,PRD#_10690,3,C_1060,ST_234
OR#102251,3/7/2021,2,PRD#_10296,1,C_1060,ST_234
OR#102251,3/7/2021,3,PRD#_10210,2,C_1060,ST_234
OR#102251,3/7/2021,4,PRD#_10498,3,C_1060,ST_234
OR#102251,3/7/2021,5,PRD#_10810,5,C_1060,ST_234
OR#102252,3/2/2021,1,PRD#_10002,1,C_1083,ST_112
OR#102252,3/2/2021,2,PRD#_10626,3,C_1083,ST_112
OR#102252,3/2/2021,3,PRD#_10217,3,C_1083,ST_112
OR#102253,3/12/2021,1,PRD#_10498,5,C_1001,ST_901
OR#102253,3/12/2021,2,PRD#_10310,3,C_1001,ST_901
OR#102254,3/7/2021,1,PRD#_10739,1,C_1049,ST_112
OR#102254,3/7/2021,2,PRD#_10471,2,C_1049,ST_112
OR#102254,3/7/2021,3,PRD#_10095,2,C_1049,ST_112
OR#102254,3/7/2021,4,PRD#_10321,2,C_1049,ST_112
OR#102255,3/29/2021,1,PRD#_10211,4,C_1114,ST_123
OR#102255,3/29/2021,2,PRD#_10677,2,C_1114,ST_123
OR#102256,3/23/2021,1,PRD#_10430,4,C_1133,ST_890
OR#102256,3/23/2021,2,PRD#_10021,3,C_1133,ST_890
OR#102257,3/7/2021,1,PRD#_10365,5,C_1055,ST_789
OR#102257,3/7/2021,2,PRD#_10658,3,C_1055,ST_789
OR#102258,3/26/2021,1,PRD#_10160,3,C_1032,ST_678
OR#102258,3/26/2021,2,PRD#_10350,3,C_1032,ST_678
OR#102258,3/26/2021,3,PRD#_10242,2,C_1032,ST_678
OR#102259,3/5/2021,1,PRD#_10042,1,C_1065,ST_345
OR#102259,3/5/2021,2,PRD#_10441,4,C_1065,ST_345
OR#102260,3/28/2021,1,PRD#_10432,2,C_1001,ST_112
OR#102260,3/28/2021,2,PRD#_10101,2,C_1001,ST_112
OR#102261,3/10/2021,1,PRD#_10725,4,C_1017,ST_456
OR#102261,3/10/2021,2,PRD#_10399,3,C_1017,ST_456
OR#102262,3/14/2021,1,PRD#_10139,3,C_1117,ST_123
OR#102262,3/14/2021,2,PRD#_10143,4,C_1117,ST_123
OR#102262,3/14/2021,3,PRD#_10587,3,C_1117,ST_123
OR#102263,3/19/2021,1,PRD#_10270,3,C_1012,ST_789
OR#102263,3/19/2021,2,PRD#_10681,5,C_1012,ST_789
OR#102263,3/19/2021,3,PRD#_10681,4,C_1012,ST_789
OR#102264,3/10/2021,1,PRD#_10756,5,C_1093,ST_567
OR#102265,3/9/2021,1,PRD#_10108,2,C_1129,ST_234
OR#102265,3/9/2021,2,PRD#_10433,3,C_1129,ST_234
OR#102265,3/9/2021,3,PRD#_10569,3,C_1129,ST_234
OR#102265,3/9/2021,4,PRD#_10790,4,C_1129,ST_234
OR#102265,3/9/2021,5,PRD#_10477,3,C_1129,ST_234
OR#102266,3/29/2021,1,PRD#_10185,4,C_1110,ST_567
OR#102266,3/29/2021,2,PRD#_10234,3,C_1110,ST_567
OR#102267,3/10/2021,1,PRD#_10816,3,C_1066,ST_567
OR#102267,3/10/2021,2,PRD#_10736,1,C_1066,ST_567
OR#102268,3/30/2021,1,PRD#_10004,4,C_1026,ST_112
OR#102269,3/23/2021,1,PRD#_10585,3,C_1086,ST_678
OR#102269,3/23/2021,2,PRD#_10397,4,C_1086,ST_678
OR#102269,3/23/2021,3,PRD#_10261,5,C_1086,ST_678
OR#102270,3/27/2021,1,PRD#_10036,4,C_1094,ST_112
OR#102271,3/12/2021,1,PRD#_10825,4,C_1064,ST_901
OR#102271,3/12/2021,2,PRD#_10803,2,C_1064,ST_901
OR#102272,3/24/2021,1,PRD#_10423,3,C_1061,ST_678
OR#102272,3/24/2021,2,PRD#_10597,3,C_1061,ST_678
OR#102272,3/24/2021,3,PRD#_10509,1,C_1061,ST_678
OR#102273,3/22/2021,1,PRD#_10198,4,C_1041,ST_890
OR#102274,3/30/2021,1,PRD#_10833,4,C_1110,ST_456
OR#102275,3/21/2021,1,PRD#_10107,1,C_1071,ST_567
OR#102275,3/21/2021,2,PRD#_10076,4,C_1071,ST_567
OR#102275,3/21/2021,3,PRD#_10249,4,C_1071,ST_567
OR#102275,3/21/2021,4,PRD#_10142,1,C_1071,ST_567
OR#102275,3/21/2021,5,PRD#_10365,2,C_1071,ST_567
OR#102276,3/20/2021,1,PRD#_10562,2,C_1106,ST_123
OR#102276,3/20/2021,2,PRD#_10657,3,C_1106,ST_123
OR#102276,3/20/2021,3,PRD#_10634,4,C_1106,ST_123
OR#102276,3/20/2021,4,PRD#_10447,4,C_1106,ST_123
OR#102277,3/19/2021,1,PRD#_10062,2,C_1059,ST_567
OR#102278,3/28/2021,1,PRD#_10425,5,C_1019,ST_567
OR#102278,3/28/2021,2,PRD#_10006,2,C_1019,ST_567
OR#102278,3/28/2021,3,PRD#_10229,2,C_1019,ST_567
OR#102278,3/28/2021,4,PRD#_10123,4,C_1019,ST_567
OR#102279,3/11/2021,1,PRD#_10578,2,C_1092,ST_123
OR#102279,3/11/2021,2,PRD#_10004,5,C_1092,ST_123
OR#102279,3/11/2021,3,PRD#_10506,1,C_1092,ST_123
OR#102279,3/11/2021,4,PRD#_10681,5,C_1092,ST_123
OR#102279,3/11/2021,5,PRD#_10744,3,C_1092,ST_123
OR#102280,3/29/2021,1,PRD#_10769,3,C_1062,ST_345
OR#102280,3/29/2021,2,PRD#_10430,1,C_1062,ST_345
OR#102280,3/29/2021,3,PRD#_10170,2,C_1062,ST_345
OR#102280,3/29/2021,4,PRD#_10807,5,C_1062,ST_345
OR#102281,3/16/2021,1,PRD#_10256,3,C_1096,ST_123
OR#102282,3/13/2021,1,PRD#_10192,2,C_1135,ST_123
OR#102282,3/13/2021,2,PRD#_10565,2,C_1135,ST_123
OR#102283,3/14/2021,1,PRD#_10658,4,C_1131,ST_678
OR#102283,3/14/2021,2,PRD#_10572,2,C_1131,ST_678
OR#102283,3/14/2021,3,PRD#_10156,1,C_1131,ST_678
OR#102284,3/4/2021,1,PRD#_10023,5,C_1111,ST_890
OR#102285,3/2/2021,1,PRD#_10047,3,C_1044,ST_112
OR#102285,3/2/2021,2,PRD#_10283,4,C_1044,ST_112
OR#102285,3/2/2021,3,PRD#_10805,1,C_1044,ST_112
OR#102285,3/2/2021,4,PRD#_10601,4,C_1044,ST_112
OR#102286,3/11/2021,1,PRD#_10482,1,C_1107,ST_890
OR#102287,3/9/2021,1,PRD#_10448,2,C_1018,ST_123
OR#102287,3/9/2021,2,PRD#_10606,5,C_1018,ST_123
OR#102287,3/9/2021,3,PRD#_10180,1,C_1018,ST_123
OR#102287,3/9/2021,4,PRD#_10726,4,C_1018,ST_123
OR#102288,3/20/2021,1,PRD#_10310,4,C_1137,ST_112
OR#102288,3/20/2021,2,PRD#_10391,2,C_1137,ST_112
OR#102288,3/20/2021,3,PRD#_10784,1,C_1137,ST_112
OR#102289,3/21/2021,1,PRD#_10038,2,C_1034,ST_789
OR#102289,3/21/2021,2,PRD#_10582,1,C_1034,ST_789
OR#102289,3/21/2021,3,PRD#_10489,3,C_1034,ST_789
OR#102290,3/22/2021,1,PRD#_10820,4,C_1057,ST_234
OR#102290,3/22/2021,2,PRD#_10519,1,C_1057,ST_234
OR#102291,3/17/2021,1,PRD#_10191,2,C_1051,ST_345
OR#102291,3/17/2021,2,PRD#_10266,3,C_1051,ST_345
OR#102291,3/17/2021,3,PRD#_10465,3,C_1051,ST_345
OR#102292,3/29/2021,1,PRD#_10730,3,C_1125,ST_123
OR#102292,3/29/2021,2,PRD#_10505,1,C_1125,ST_123
OR#102293,3/19/2021,1,PRD#_10279,4,C_1034,ST_890
OR#102293,3/19/2021,2,PRD#_10261,2,C_1034,ST_890
OR#102293,3/19/2021,3,PRD#_10792,3,C_1034,ST_890
OR#102293,3/19/2021,4,PRD#_10654,5,C_1034,ST_890
OR#102294,3/15/2021,1,PRD#_10045,4,C_1108,ST_123
OR#102294,3/15/2021,2,PRD#_10118,1,C_1108,ST_123
OR#102294,3/15/2021,3,PRD#_10702,3,C_1108,ST_123
OR#102295,3/11/2021,1,PRD#_10365,3,C_1033,ST_901
OR#102295,3/11/2021,2,PRD#_10282,4,C_1033,ST_901
OR#102295,3/11/2021,3,PRD#_10363,2,C_1033,ST_901
OR#102295,3/11/2021,4,PRD#_10407,5,C_1033,ST_901
OR#102296,3/19/2021,1,PRD#_10187,4,C_1018,ST_901
OR#102296,3/19/2021,2,PRD#_10431,2,C_1018,ST_901
OR#102296,3/19/2021,3,PRD#_10499,5,C_1018,ST_901
OR#102296,3/19/2021,4,PRD#_10736,4,C_1018,ST_901
OR#102297,3/4/2021,1,PRD#_10378,5,C_1088,ST_112
OR#102297,3/4/2021,2,PRD#_10507,4,C_1088,ST_112
OR#102297,3/4/2021,3,PRD#_10572,5,C_1088,ST_112
OR#102297,3/4/2021,4,PRD#_10083,4,C_1088,ST_112
OR#102297,3/4/2021,5,PRD#_10385,1,C_1088,ST_112
OR#102298,3/12/2021,1,PRD#_10417,4,C_1065,ST_112
OR#102299,3/7/2021,1,PRD#_10608,4,C_1114,ST_789
OR#102299,3/7/2021,2,PRD#_10197,2,C_1114,ST_789
OR#102299,3/7/2021,3,PRD#_10686,2,C_1114,ST_789
OR#102299,3/7/2021,4,PRD#_10778,4,C_1114,ST_789
OR#102300,3/22/2021,1,PRD#_10813,3,C_1133,ST_890
OR#102301,3/17/2021,1,PRD#_10149,1,C_1012,ST_678
OR#102301,3/17/2021,2,PRD#_10346,5,C_1012,ST_678
OR#102302,3/5/2021,1,PRD#_10185,5,C_1050,ST_678
OR#102302,3/5/2021,2,PRD#_10692,2,C_1050,ST_678
OR#102302,3/5/2021,3,PRD#_10204,3,C_1050,ST_678
OR#102302,3/5/2021,4,PRD#_10217,4,C_1050,ST_678
OR#102303,3/17/2021,1,PRD#_10219,4,C_1033,ST_567
OR#102303,3/17/2021,2,PRD#_10755,1,C_1033,ST_567
OR#102304,3/14/2021,1,PRD#_10729,3,C_1097,ST_890
OR#102304,3/14/2021,2,PRD#_10176,3,C_1097,ST_890
OR#102305,3/29/2021,1,PRD#_10320,3,C_1011,ST_456
OR#102305,3/29/2021,2,PRD#_10085,3,C_1011,ST_456
OR#102306,3/19/2021,1,PRD#_10375,5,C_1140,ST_567
OR#102306,3/19/2021,2,PRD#_10844,5,C_1140,ST_567
OR#102306,3/19/2021,3,PRD#_10707,4,C_1140,ST_567
OR#102307,3/23/2021,1,PRD#_10345,5,C_1007,ST_456
OR#102307,3/23/2021,2,PRD#_10592,3,C_1007,ST_456
OR#102307,3/23/2021,3,PRD#_10469,3,C_1007,ST_456
OR#102308,3/10/2021,1,PRD#_10846,2,C_1028,ST_456
OR#102309,3/14/2021,1,PRD#_10239,2,C_1103,ST_890
OR#102309,3/14/2021,2,PRD#_10644,3,C_1103,ST_890
OR#102309,3/14/2021,3,PRD#_10804,3,C_1103,ST_890
OR#102309,3/14/2021,4,PRD#_10228,3,C_1103,ST_890
OR#102310,3/24/2021,1,PRD#_10549,3,C_1099,ST_112
OR#102310,3/24/2021,2,PRD#_10262,4,C_1099,ST_112
OR#102310,3/24/2021,3,PRD#_10484,5,C_1099,ST_112
OR#102311,3/28/2021,1,PRD#_10497,3,C_1099,ST_456
OR#102312,3/17/2021,1,PRD#_10334,3,C_1090,ST_345
OR#102312,3/17/2021,2,PRD#_10661,5,C_1090,ST_345
OR#102312,3/17/2021,3,PRD#_10014,1,C_1090,ST_345
OR#102312,3/17/2021,4,PRD#_10773,1,C_1090,ST_345
OR#102313,3/15/2021,1,PRD#_10752,5,C_1088,ST_112
OR#102314,3/30/2021,1,PRD#_10280,5,C_1096,ST_678
OR#102315,3/18/2021,1,PRD#_10365,5,C_1014,ST_345
OR#102316,3/28/2021,1,PRD#_10641,5,C_1047,ST_345
OR#102317,3/19/2021,1,PRD#_10834,2,C_1071,ST_789
OR#102317,3/19/2021,2,PRD#_10440,4,C_1071,ST_789
OR#102318,3/17/2021,1,PRD#_10824,4,C_1070,ST_345
OR#102318,3/17/2021,2,PRD#_10540,2,C_1070,ST_345
OR#102319,3/12/2021,1,PRD#_10643,1,C_1075,ST_901
OR#102319,3/12/2021,2,PRD#_10791,1,C_1075,ST_901
OR#102319,3/12/2021,3,PRD#_10811,3,C_1075,ST_901
OR#102319,3/12/2021,4,PRD#_10357,5,C_1075,ST_901
OR#102320,3/27/2021,1,PRD#_10449,4,C_1008,ST_123
OR#102320,3/27/2021,2,PRD#_10362,2,C_1008,ST_123
OR#102321,3/25/2021,1,PRD#_10260,4,C_1081,ST_678
OR#102321,3/25/2021,2,PRD#_10219,4,C_1081,ST_678
OR#102321,3/25/2021,3,PRD#_10615,4,C_1081,ST_678
OR#102322,3/28/2021,1,PRD#_10441,4,C_1128,ST_456
OR#102322,3/28/2021,2,PRD#_10288,1,C_1128,ST_456
OR#102322,3/28/2021,3,PRD#_10727,4,C_1128,ST_456
OR#102323,3/11/2021,1,PRD#_10015,2,C_1036,ST_567
OR#102323,3/11/2021,2,PRD#_10729,4,C_1036,ST_567
OR#102324,3/27/2021,1,PRD#_10690,1,C_1117,ST_234
OR#102324,3/27/2021,2,PRD#_10823,1,C_1117,ST_234
OR#102324,3/27/2021,3,PRD#_10722,5,C_1117,ST_234
OR#102325,3/1/2021,1,PRD#_10663,2,C_1026,ST_789
OR#102325,3/1/2021,2,PRD#_10319,1,C_1026,ST_789
OR#102325,3/1/2021,3,PRD#_10155,1,C_1026,ST_789
OR#102325,3/1/2021,4,PRD#_10235,3,C_1026,ST_789
OR#102326,3/4/2021,1,PRD#_10051,2,C_1010,ST_123
OR#102326,3/4/2021,2,PRD#_10100,3,C_1010,ST_123
OR#102327,3/31/2021,1,PRD#_10166,2,C_1054,ST_678
OR#102327,3/31/2021,2,PRD#_10046,3,C_1054,ST_678
OR#102327,3/31/2021,3,PRD#_10131,4,C_1054,ST_678
OR#102327,3/31/2021,4,PRD#_10437,4,C_1054,ST_678
OR#102328,3/23/2021,1,PRD#_10240,1,C_1123,ST_901
OR#102328,3/23/2021,2,PRD#_10784,5,C_1123,ST_901
OR#102328,3/23/2021,3,PRD#_10586,4,C_1123,ST_901
OR#102328,3/23/2021,4,PRD#_10815,2,C_1123,ST_901
OR#102328,3/23/2021,5,PRD#_10102,5,C_1123,ST_901
OR#102329,3/28/2021,1,PRD#_10424,2,C_1033,ST_112
OR#102329,3/28/2021,2,PRD#_10581,1,C_1033,ST_112
OR#102330,3/29/2021,1,PRD#_10804,2,C_1096,ST_123
OR#102330,3/29/2021,2,PRD#_10650,2,C_1096,ST_123
OR#102330,3/29/2021,3,PRD#_10699,4,C_1096,ST_123
OR#102330,3/29/2021,4,PRD#_10830,3,C_1096,ST_123
OR#102331,3/25/2021,1,PRD#_10432,4,C_1039,ST_901
OR#102332,3/20/2021,1,PRD#_10807,4,C_1087,ST_567
OR#102332,3/20/2021,2,PRD#_10173,4,C_1087,ST_567
OR#102332,3/20/2021,3,PRD#_10056,3,C_1087,ST_567
OR#102332,3/20/2021,4,PRD#_10617,4,C_1087,ST_567
OR#102332,3/20/2021,5,PRD#_10213,1,C_1087,ST_567
OR#102333,3/5/2021,1,PRD#_10132,1,C_1055,ST_678
OR#102333,3/5/2021,2,PRD#_10694,2,C_1055,ST_678
OR#102333,3/5/2021,3,PRD#_10234,2,C_1055,ST_678
OR#102333,3/5/2021,4,PRD#_10304,3,C_1055,ST_678
OR#102334,3/22/2021,1,PRD#_10135,4,C_1144,ST_112
OR#102334,3/22/2021,2,PRD#_10259,2,C_1144,ST_112
OR#102334,3/22/2021,3,PRD#_10417,4,C_1144,ST_112
OR#102334,3/22/2021,4,PRD#_10421,4,C_1144,ST_112
OR#102334,3/22/2021,5,PRD#_10115,4,C_1144,ST_112
OR#102335,3/1/2021,1,PRD#_10400,1,C_1036,ST_567
OR#102335,3/1/2021,2,PRD#_10627,4,C_1036,ST_567
OR#102336,3/21/2021,1,PRD#_10063,5,C_1034,ST_234
OR#102336,3/21/2021,2,PRD#_10427,5,C_1034,ST_234
OR#102336,3/21/2021,3,PRD#_10224,1,C_1034,ST_234
OR#102336,3/21/2021,4,PRD#_10050,3,C_1034,ST_234
OR#102337,3/19/2021,1,PRD#_10678,4,C_1067,ST_789
OR#102338,3/24/2021,1,PRD#_10237,1,C_1086,ST_456
OR#102338,3/24/2021,2,PRD#_10587,3,C_1086,ST_456
OR#102339,3/25/2021,1,PRD#_10607,1,C_1051,ST_901
OR#102340,3/30/2021,1,PRD#_10508,4,C_1071,ST_112
OR#102340,3/30/2021,2,PRD#_10280,2,C_1071,ST_112
OR#102340,3/30/2021,3,PRD#_10038,2,C_1071,ST_112
OR#102340,3/30/2021,4,PRD#_10425,2,C_1071,ST_112
OR#102341,3/29/2021,1,PRD#_10253,5,C_1083,ST_567
OR#102341,3/29/2021,2,PRD#_10765,5,C_1083,ST_567
OR#102342,3/3/2021,1,PRD#_10114,5,C_1041,ST_123
OR#102342,3/3/2021,2,PRD#_10099,1,C_1041,ST_123
OR#102343,3/16/2021,1,PRD#_10480,2,C_1074,ST_789
OR#102343,3/16/2021,2,PRD#_10785,1,C_1074,ST_789
OR#102344,3/13/2021,1,PRD#_10808,3,C_1143,ST_567
OR#102344,3/13/2021,2,PRD#_10637,3,C_1143,ST_567
OR#102344,3/13/2021,3,PRD#_10265,5,C_1143,ST_567
OR#102344,3/13/2021,4,PRD#_10625,1,C_1143,ST_567
OR#102345,3/22/2021,1,PRD#_10813,3,C_1105,ST_890
OR#102345,3/22/2021,2,PRD#_10698,5,C_1105,ST_890
OR#102345,3/22/2021,3,PRD#_10094,5,C_1105,ST_890
OR#102346,3/22/2021,1,PRD#_10573,5,C_1067,ST_789
OR#102346,3/22/2021,2,PRD#_10774,4,C_1067,ST_789
OR#102347,3/22/2021,1,PRD#_10438,1,C_1132,ST_567
OR#102347,3/22/2021,2,PRD#_10533,1,C_1132,ST_567
OR#102347,3/22/2021,3,PRD#_10134,5,C_1132,ST_567
OR#102347,3/22/2021,4,PRD#_10491,1,C_1132,ST_567
OR#102348,3/1/2021,1,PRD#_10501,3,C_1067,ST_456
OR#102349,3/2/2021,1,PRD#_10536,4,C_1059,ST_567
OR#102349,3/2/2021,2,PRD#_10290,4,C_1059,ST_567
OR#102349,3/2/2021,3,PRD#_10830,3,C_1059,ST_567
OR#102350,3/11/2021,1,PRD#_10209,2,C_1095,ST_901
OR#102350,3/11/2021,2,PRD#_10770,5,C_1095,ST_901
OR#102350,3/11/2021,3,PRD#_10838,5,C_1095,ST_901
OR#102350,3/11/2021,4,PRD#_10373,4,C_1095,ST_901
OR#102351,3/31/2021,1,PRD#_10690,1,C_1135,ST_234
OR#102351,3/31/2021,2,PRD#_10776,2,C_1135,ST_234
OR#102351,3/31/2021,3,PRD#_10739,1,C_1135,ST_234
OR#102351,3/31/2021,4,PRD#_10730,1,C_1135,ST_234
OR#102352,3/22/2021,1,PRD#_10810,2,C_1116,ST_901
OR#102352,3/22/2021,2,PRD#_10015,1,C_1116,ST_901
OR#102352,3/22/2021,3,PRD#_10022,5,C_1116,ST_901
OR#102352,3/22/2021,4,PRD#_10121,2,C_1116,ST_901
OR#102352,3/22/2021,5,PRD#_10146,1,C_1116,ST_901
OR#102353,3/8/2021,1,PRD#_10700,5,C_1112,ST_567
OR#102353,3/8/2021,2,PRD#_10152,3,C_1112,ST_567
OR#102353,3/8/2021,3,PRD#_10683,5,C_1112,ST_567
OR#102354,3/9/2021,1,PRD#_10341,1,C_1018,ST_678
OR#102354,3/9/2021,2,PRD#_10341,2,C_1018,ST_678
OR#102354,3/9/2021,3,PRD#_10079,2,C_1018,ST_678
OR#102354,3/9/2021,4,PRD#_10586,2,C_1018,ST_678
OR#102354,3/9/2021,5,PRD#_10051,4,C_1018,ST_678
OR#102355,3/4/2021,1,PRD#_10841,5,C_1107,ST_112
OR#102356,3/31/2021,1,PRD#_10647,4,C_1108,ST_123
OR#102356,3/31/2021,2,PRD#_10106,5,C_1108,ST_123
OR#102356,3/31/2021,3,PRD#_10109,3,C_1108,ST_123
OR#102357,3/18/2021,1,PRD#_10802,2,C_1062,ST_345
OR#102357,3/18/2021,2,PRD#_10580,5,C_1062,ST_345
OR#102357,3/18/2021,3,PRD#_10320,2,C_1062,ST_345
OR#102357,3/18/2021,4,PRD#_10643,2,C_1062,ST_345
OR#102357,3/18/2021,5,PRD#_10056,4,C_1062,ST_345
OR#102358,3/27/2021,1,PRD#_10727,4,C_1139,ST_234
OR#102358,3/27/2021,2,PRD#_10794,5,C_1139,ST_234
OR#102359,3/7/2021,1,PRD#_10176,3,C_1004,ST_112
OR#102360,3/24/2021,1,PRD#_10739,2,C_1049,ST_567
OR#102360,3/24/2021,2,PRD#_10837,2,C_1049,ST_567
OR#102360,3/24/2021,3,PRD#_10690,1,C_1049,ST_567
OR#102360,3/24/2021,4,PRD#_10747,3,C_1049,ST_567
OR#102360,3/24/2021,5,PRD#_10216,5,C_1049,ST_567
OR#102361,3/19/2021,1,PRD#_10405,5,C_1068,ST_123
OR#102362,3/22/2021,1,PRD#_10519,1,C_1094,ST_567
OR#102362,3/22/2021,2,PRD#_10023,5,C_1094,ST_567
OR#102362,3/22/2021,3,PRD#_10118,3,C_1094,ST_567
OR#102363,3/2/2021,1,PRD#_10627,3,C_1003,ST_789
OR#102363,3/2/2021,2,PRD#_10825,5,C_1003,ST_789
OR#102363,3/2/2021,3,PRD#_10263,2,C_1003,ST_789
OR#102363,3/2/2021,4,PRD#_10847,2,C_1003,ST_789
OR#102363,3/2/2021,5,PRD#_10518,3,C_1003,ST_789
OR#102364,3/29/2021,1,PRD#_10491,2,C_1144,ST_567
OR#102364,3/29/2021,2,PRD#_10450,3,C_1144,ST_567
OR#102365,3/19/2021,1,PRD#_10356,5,C_1084,ST_234
OR#102365,3/19/2021,2,PRD#_10275,3,C_1084,ST_234
OR#102365,3/19/2021,3,PRD#_10741,5,C_1084,ST_234
OR#102365,3/19/2021,4,PRD#_10560,4,C_1084,ST_234
OR#102365,3/19/2021,5,PRD#_10846,3,C_1084,ST_234
OR#102366,3/22/2021,1,PRD#_10234,5,C_1015,ST_567
OR#102366,3/22/2021,2,PRD#_10057,3,C_1015,ST_567
OR#102366,3/22/2021,3,PRD#_10476,5,C_1015,ST_567
OR#102366,3/22/2021,4,PRD#_10354,3,C_1015,ST_567
OR#102367,3/15/2021,1,PRD#_10422,3,C_1054,ST_345
OR#102368,3/3/2021,1,PRD#_10397,2,C_1099,ST_112
OR#102368,3/3/2021,2,PRD#_10056,4,C_1099,ST_112
OR#102369,3/9/2021,1,PRD#_10848,2,C_1054,ST_112
OR#102370,3/29/2021,1,PRD#_10588,3,C_1113,ST_678
OR#102370,3/29/2021,2,PRD#_10066,5,C_1113,ST_678
OR#102371,3/6/2021,1,PRD#_10722,2,C_1049,ST_123
OR#102372,3/20/2021,1,PRD#_10618,2,C_1106,ST_901
OR#102372,3/20/2021,2,PRD#_10713,3,C_1106,ST_901
OR#102372,3/20/2021,3,PRD#_10372,4,C_1106,ST_901
OR#102372,3/20/2021,4,PRD#_10379,4,C_1106,ST_901
OR#102372,3/20/2021,5,PRD#_10320,5,C_1106,ST_901
OR#102373,3/26/2021,1,PRD#_10830,3,C_1126,ST_123
OR#102373,3/26/2021,2,PRD#_10506,1,C_1126,ST_123
OR#102373,3/26/2021,3,PRD#_10681,3,C_1126,ST_123
OR#102374,3/27/2021,1,PRD#_10068,1,C_1094,ST_123
OR#102374,3/27/2021,2,PRD#_10401,1,C_1094,ST_123
OR#102374,3/27/2021,3,PRD#_10509,3,C_1094,ST_123
OR#102375,3/5/2021,1,PRD#_10023,4,C_1140,ST_123
OR#102375,3/5/2021,2,PRD#_10696,1,C_1140,ST_123
OR#102375,3/5/2021,3,PRD#_10736,3,C_1140,ST_123
OR#102375,3/5/2021,4,PRD#_10734,5,C_1140,ST_123
OR#102376,3/16/2021,1,PRD#_10731,5,C_1133,ST_123
OR#102377,3/2/2021,1,PRD#_10142,2,C_1110,ST_456
OR#102377,3/2/2021,2,PRD#_10577,2,C_1110,ST_456
OR#102377,3/2/2021,3,PRD#_10428,1,C_1110,ST_456
OR#102377,3/2/2021,4,PRD#_10019,5,C_1110,ST_456
OR#102377,3/2/2021,5,PRD#_10450,3,C_1110,ST_456
OR#102378,3/1/2021,1,PRD#_10755,1,C_1025,ST_567
OR#102378,3/1/2021,2,PRD#_10724,4,C_1025,ST_567
OR#102378,3/1/2021,3,PRD#_10807,4,C_1025,ST_567
OR#102378,3/1/2021,4,PRD#_10187,1,C_1025,ST_567
OR#102378,3/1/2021,5,PRD#_10513,3,C_1025,ST_567
OR#102379,3/2/2021,1,PRD#_10456,5,C_1081,ST_123
OR#102379,3/2/2021,2,PRD#_10049,2,C_1081,ST_123
OR#102380,3/4/2021,1,PRD#_10764,1,C_1142,ST_345
OR#102380,3/4/2021,2,PRD#_10555,4,C_1142,ST_345
OR#102380,3/4/2021,3,PRD#_10595,5,C_1142,ST_345
OR#102380,3/4/2021,4,PRD#_10122,1,C_1142,ST_345
OR#102380,3/4/2021,5,PRD#_10825,5,C_1142,ST_345
OR#102381,3/8/2021,1,PRD#_10126,5,C_1055,ST_567
OR#102381,3/8/2021,2,PRD#_10478,4,C_1055,ST_567
OR#102381,3/8/2021,3,PRD#_10807,2,C_1055,ST_567
OR#102381,3/8/2021,4,PRD#_10343,1,C_1055,ST_567
OR#102381,3/8/2021,5,PRD#_10502,1,C_1055,ST_567
OR#102382,3/27/2021,1,PRD#_10430,1,C_1121,ST_456
OR#102382,3/27/2021,2,PRD#_10315,3,C_1121,ST_456
OR#102382,3/27/2021,3,PRD#_10347,5,C_1121,ST_456
OR#102382,3/27/2021,4,PRD#_10695,5,C_1121,ST_456
OR#102382,3/27/2021,5,PRD#_10493,2,C_1121,ST_456
OR#102383,3/16/2021,1,PRD#_10802,4,C_1137,ST_112
OR#102384,3/9/2021,1,PRD#_10278,5,C_1077,ST_890
OR#102384,3/9/2021,2,PRD#_10506,2,C_1077,ST_890
OR#102384,3/9/2021,3,PRD#_10290,5,C_1077,ST_890
OR#102385,3/18/2021,1,PRD#_10100,2,C_1139,ST_234
OR#102385,3/18/2021,2,PRD#_10676,2,C_1139,ST_234
OR#102385,3/18/2021,3,PRD#_10667,3,C_1139,ST_234
OR#102385,3/18/2021,4,PRD#_10117,5,C_1139,ST_234
OR#102386,3/25/2021,1,PRD#_10615,4,C_1071,ST_890
OR#102386,3/25/2021,2,PRD#_10564,5,C_1071,ST_890
OR#102387,3/1/2021,1,PRD#_10609,3,C_1120,ST_123
OR#102387,3/1/2021,2,PRD#_10223,4,C_1120,ST_123
OR#102387,3/1/2021,3,PRD#_10686,4,C_1120,ST_123
OR#102387,3/1/2021,4,PRD#_10149,4,C_1120,ST_123
OR#102388,3/12/2021,1,PRD#_10593,3,C_1014,ST_112
OR#102388,3/12/2021,2,PRD#_10608,3,C_1014,ST_112
OR#102389,3/6/2021,1,PRD#_10274,2,C_1123,ST_123
OR#102389,3/6/2021,2,PRD#_10827,3,C_1123,ST_123
OR#102390,3/26/2021,1,PRD#_10283,4,C_1084,ST_789
OR#102391,3/26/2021,1,PRD#_10205,1,C_1081,ST_890
OR#102391,3/26/2021,2,PRD#_10098,5,C_1081,ST_890
OR#102391,3/26/2021,3,PRD#_10241,2,C_1081,ST_890
OR#102391,3/26/2021,4,PRD#_10611,3,C_1081,ST_890
OR#102392,3/4/2021,1,PRD#_10578,5,C_1118,ST_345
OR#102392,3/4/2021,2,PRD#_10136,5,C_1118,ST_345
OR#102392,3/4/2021,3,PRD#_10295,4,C_1118,ST_345
OR#102392,3/4/2021,4,PRD#_10233,2,C_1118,ST_345
OR#102392,3/4/2021,5,PRD#_10785,3,C_1118,ST_345
OR#102393,3/4/2021,1,PRD#_10232,4,C_1020,ST_890
OR#102393,3/4/2021,2,PRD#_10433,4,C_1020,ST_890
OR#102393,3/4/2021,3,PRD#_10301,1,C_1020,ST_890
OR#102393,3/4/2021,4,PRD#_10652,1,C_1020,ST_890
OR#102394,3/31/2021,1,PRD#_10189,5,C_1053,ST_234
OR#102395,3/7/2021,1,PRD#_10359,1,C_1021,ST_456
OR#102395,3/7/2021,2,PRD#_10601,1,C_1021,ST_456
OR#102395,3/7/2021,3,PRD#_10360,3,C_1021,ST_456
OR#102395,3/7/2021,4,PRD#_10668,2,C_1021,ST_456
OR#102396,3/9/2021,1,PRD#_10775,4,C_1133,ST_123
OR#102396,3/9/2021,2,PRD#_10342,2,C_1133,ST_123
OR#102396,3/9/2021,3,PRD#_10257,5,C_1133,ST_123
OR#102396,3/9/2021,4,PRD#_10010,5,C_1133,ST_123
OR#102397,3/29/2021,1,PRD#_10280,5,C_1052,ST_234
OR#102397,3/29/2021,2,PRD#_10275,4,C_1052,ST_234
OR#102397,3/29/2021,3,PRD#_10492,1,C_1052,ST_234
OR#102397,3/29/2021,4,PRD#_10843,5,C_1052,ST_234
OR#102397,3/29/2021,5,PRD#_10044,1,C_1052,ST_234
OR#102398,3/24/2021,1,PRD#_10230,3,C_1065,ST_112
OR#102398,3/24/2021,2,PRD#_10784,5,C_1065,ST_112
OR#102398,3/24/2021,3,PRD#_10197,4,C_1065,ST_112
OR#102398,3/24/2021,4,PRD#_10833,5,C_1065,ST_112
OR#102399,3/20/2021,1,PRD#_10446,1,C_1100,ST_234
OR#102400,3/5/2021,1,PRD#_10214,3,C_1013,ST_112
OR#102401,3/17/2021,1,PRD#_10618,3,C_1119,ST_789
OR#102401,3/17/2021,2,PRD#_10102,1,C_1119,ST_789
OR#102401,3/17/2021,3,PRD#_10742,5,C_1119,ST_789
OR#102401,3/17/2021,4,PRD#_10027,5,C_1119,ST_789
OR#102401,3/17/2021,5,PRD#_10389,4,C_1119,ST_789
OR#102402,3/29/2021,1,PRD#_10042,1,C_1011,ST_456
OR#102402,3/29/2021,2,PRD#_10571,2,C_1011,ST_456
OR#102402,3/29/2021,3,PRD#_10458,3,C_1011,ST_456
OR#102403,3/3/2021,1,PRD#_10523,3,C_1083,ST_901
OR#102403,3/3/2021,2,PRD#_10094,3,C_1083,ST_901
OR#102403,3/3/2021,3,PRD#_10689,5,C_1083,ST_901
OR#102403,3/3/2021,4,PRD#_10792,2,C_1083,ST_901
OR#102403,3/3/2021,5,PRD#_10560,1,C_1083,ST_901
OR#102404,3/23/2021,1,PRD#_10222,3,C_1080,ST_112
OR#102404,3/23/2021,2,PRD#_10731,1,C_1080,ST_112
OR#102404,3/23/2021,3,PRD#_10247,5,C_1080,ST_112
OR#102405,3/29/2021,1,PRD#_10025,1,C_1026,ST_678
OR#102405,3/29/2021,2,PRD#_10719,5,C_1026,ST_678
OR#102405,3/29/2021,3,PRD#_10409,3,C_1026,ST_678
OR#102405,3/29/2021,4,PRD#_10241,1,C_1026,ST_678
OR#102406,3/14/2021,1,PRD#_10021,2,C_1036,ST_901
OR#102406,3/14/2021,2,PRD#_10191,3,C_1036,ST_901
OR#102406,3/14/2021,3,PRD#_10424,1,C_1036,ST_901
OR#102407,3/9/2021,1,PRD#_10445,4,C_1047,ST_345
OR#102407,3/9/2021,2,PRD#_10269,3,C_1047,ST_345
OR#102408,3/12/2021,1,PRD#_10004,4,C_1111,ST_890
OR#102408,3/12/2021,2,PRD#_10128,4,C_1111,ST_890
OR#102409,3/31/2021,1,PRD#_10574,1,C_1030,ST_901
OR#102409,3/31/2021,2,PRD#_10230,4,C_1030,ST_901
OR#102410,3/18/2021,1,PRD#_10453,4,C_1122,ST_678
OR#102411,3/20/2021,1,PRD#_10551,5,C_1103,ST_123
OR#102411,3/20/2021,2,PRD#_10722,3,C_1103,ST_123
OR#102411,3/20/2021,3,PRD#_10146,1,C_1103,ST_123
OR#102411,3/20/2021,4,PRD#_10120,4,C_1103,ST_123
OR#102411,3/20/2021,5,PRD#_10394,1,C_1103,ST_123
OR#102412,3/25/2021,1,PRD#_10553,3,C_1040,ST_345
OR#102412,3/25/2021,2,PRD#_10397,2,C_1040,ST_345
OR#102412,3/25/2021,3,PRD#_10110,1,C_1040,ST_345
OR#102413,3/27/2021,1,PRD#_10650,4,C_1074,ST_678
OR#102413,3/27/2021,2,PRD#_10835,1,C_1074,ST_678
OR#102413,3/27/2021,3,PRD#_10746,4,C_1074,ST_678
OR#102413,3/27/2021,4,PRD#_10302,3,C_1074,ST_678
OR#102413,3/27/2021,5,PRD#_10557,4,C_1074,ST_678
OR#102414,3/1/2021,1,PRD#_10699,4,C_1043,ST_901
OR#102415,3/27/2021,1,PRD#_10482,3,C_1058,ST_112
OR#102416,3/29/2021,1,PRD#_10566,2,C_1092,ST_678
OR#102416,3/29/2021,2,PRD#_10718,5,C_1092,ST_678
OR#102416,3/29/2021,3,PRD#_10016,1,C_1092,ST_678
OR#102416,3/29/2021,4,PRD#_10446,5,C_1092,ST_678
OR#102416,3/29/2021,5,PRD#_10516,3,C_1092,ST_678
OR#102417,3/28/2021,1,PRD#_10773,1,C_1013,ST_112
OR#102417,3/28/2021,2,PRD#_10211,1,C_1013,ST_112
OR#102417,3/28/2021,3,PRD#_10090,1,C_1013,ST_112
OR#102417,3/28/2021,4,PRD#_10293,2,C_1013,ST_112
OR#102417,3/28/2021,5,PRD#_10178,4,C_1013,ST_112
OR#102418,3/14/2021,1,PRD#_10496,4,C_1032,ST_678
OR#102418,3/14/2021,2,PRD#_10278,4,C_1032,ST_678
OR#102418,3/14/2021,3,PRD#_10185,2,C_1032,ST_678
OR#102418,3/14/2021,4,PRD#_10555,3,C_1032,ST_678
OR#102419,3/5/2021,1,PRD#_10112,2,C_1019,ST_890
OR#102419,3/5/2021,2,PRD#_10140,5,C_1019,ST_890
OR#102420,3/18/2021,1,PRD#_10076,4,C_1126,ST_123
OR#102420,3/18/2021,2,PRD#_10590,5,C_1126,ST_123
OR#102420,3/18/2021,3,PRD#_10459,4,C_1126,ST_123
OR#102421,3/12/2021,1,PRD#_10593,1,C_1100,ST_901
OR#102421,3/12/2021,2,PRD#_10019,5,C_1100,ST_901
OR#102422,3/20/2021,1,PRD#_10560,5,C_1090,ST_123
OR#102422,3/20/2021,2,PRD#_10283,5,C_1090,ST_123
OR#102422,3/20/2021,3,PRD#_10203,1,C_1090,ST_123
OR#102423,3/27/2021,1,PRD#_10404,5,C_1143,ST_112
OR#102423,3/27/2021,2,PRD#_10079,4,C_1143,ST_112
OR#102424,3/20/2021,1,PRD#_10274,2,C_1026,ST_678
OR#102425,3/22/2021,1,PRD#_10561,4,C_1004,ST_567
OR#102425,3/22/2021,2,PRD#_10085,3,C_1004,ST_567
OR#102425,3/22/2021,3,PRD#_10204,1,C_1004,ST_567
OR#102425,3/22/2021,4,PRD#_10223,5,C_1004,ST_567
OR#102425,3/22/2021,5,PRD#_10286,4,C_1004,ST_567
OR#102426,3/7/2021,1,PRD#_10133,3,C_1048,ST_123
OR#102426,3/7/2021,2,PRD#_10017,5,C_1048,ST_123
OR#102426,3/7/2021,3,PRD#_10838,4,C_1048,ST_123
OR#102427,3/2/2021,1,PRD#_10757,4,C_1018,ST_112
OR#102427,3/2/2021,2,PRD#_10507,2,C_1018,ST_112
OR#102428,3/15/2021,1,PRD#_10250,5,C_1023,ST_890
OR#102429,3/10/2021,1,PRD#_10056,5,C_1054,ST_112
OR#102429,3/10/2021,2,PRD#_10727,3,C_1054,ST_112
OR#102430,3/25/2021,1,PRD#_10806,4,C_1014,ST_567
OR#102430,3/25/2021,2,PRD#_10839,3,C_1014,ST_567
OR#102430,3/25/2021,3,PRD#_10763,4,C_1014,ST_567
OR#102430,3/25/2021,4,PRD#_10372,2,C_1014,ST_567
OR#102431,3/24/2021,1,PRD#_10807,1,C_1090,ST_345
OR#102431,3/24/2021,2,PRD#_10161,4,C_1090,ST_345
OR#102432,3/10/2021,1,PRD#_10382,3,C_1111,ST_456
OR#102432,3/10/2021,2,PRD#_10362,5,C_1111,ST_456
OR#102433,3/16/2021,1,PRD#_10811,3,C_1055,ST_123
OR#102434,3/21/2021,1,PRD#_10655,2,C_1137,ST_890
OR#102435,3/19/2021,1,PRD#_10547,3,C_1012,ST_567
OR#102435,3/19/2021,2,PRD#_10320,5,C_1012,ST_567
OR#102435,3/19/2021,3,PRD#_10171,1,C_1012,ST_567
OR#102435,3/19/2021,4,PRD#_10816,5,C_1012,ST_567
OR#102436,3/30/2021,1,PRD#_10270,3,C_1118,ST_234
OR#102437,3/25/2021,1,PRD#_10608,4,C_1116,ST_678
OR#102437,3/25/2021,2,PRD#_10700,1,C_1116,ST_678
OR#102437,3/25/2021,3,PRD#_10350,2,C_1116,ST_678
OR#102438,3/1/2021,1,PRD#_10530,3,C_1066,ST_456
OR#102438,3/1/2021,2,PRD#_10813,5,C_1066,ST_456
OR#102438,3/1/2021,3,PRD#_10051,3,C_1066,ST_456
OR#102438,3/1/2021,4,PRD#_10228,3,C_1066,ST_456
OR#102438,3/1/2021,5,PRD#_10388,5,C_1066,ST_456
OR#102439,3/22/2021,1,PRD#_10193,4,C_1082,ST_123
OR#102440,3/19/2021,1,PRD#_10601,1,C_1104,ST_678
OR#102440,3/19/2021,2,PRD#_10188,1,C_1104,ST_678
OR#102440,3/19/2021,3,PRD#_10818,3,C_1104,ST_678
OR#102441,3/28/2021,1,PRD#_10122,4,C_1034,ST_456
OR#102441,3/28/2021,2,PRD#_10594,1,C_1034,ST_456
OR#102441,3/28/2021,3,PRD#_10598,5,C_1034,ST_456
OR#102441,3/28/2021,4,PRD#_10843,4,C_1034,ST_456
OR#102442,3/11/2021,1,PRD#_10199,1,C_1080,ST_234
OR#102443,3/26/2021,1,PRD#_10382,1,C_1015,ST_567
OR#102443,3/26/2021,2,PRD#_10105,1,C_1015,ST_567
OR#102443,3/26/2021,3,PRD#_10628,1,C_1015,ST_567
OR#102443,3/26/2021,4,PRD#_10707,5,C_1015,ST_567
OR#102443,3/26/2021,5,PRD#_10425,2,C_1015,ST_567
OR#102444,3/23/2021,1,PRD#_10310,1,C_1043,ST_567
OR#102444,3/23/2021,2,PRD#_10076,3,C_1043,ST_567
OR#102444,3/23/2021,3,PRD#_10633,5,C_1043,ST_567
OR#102444,3/23/2021,4,PRD#_10034,3,C_1043,ST_567
OR#102444,3/23/2021,5,PRD#_10238,2,C_1043,ST_567
OR#102445,3/7/2021,1,PRD#_10637,4,C_1107,ST_345
OR#102445,3/7/2021,2,PRD#_10047,2,C_1107,ST_345
OR#102445,3/7/2021,3,PRD#_10759,1,C_1107,ST_345
OR#102445,3/7/2021,4,PRD#_10793,4,C_1107,ST_345
OR#102445,3/7/2021,5,PRD#_10043,1,C_1107,ST_345
OR#102446,3/18/2021,1,PRD#_10631,2,C_1051,ST_112
OR#102446,3/18/2021,2,PRD#_10495,4,C_1051,ST_112
OR#102446,3/18/2021,3,PRD#_10609,3,C_1051,ST_112
OR#102446,3/18/2021,4,PRD#_10053,1,C_1051,ST_112
OR#102447,3/26/2021,1,PRD#_10698,5,C_1013,ST_234
OR#102447,3/26/2021,2,PRD#_10595,1,C_1013,ST_234
OR#102447,3/26/2021,3,PRD#_10341,1,C_1013,ST_234
OR#102448,3/22/2021,1,PRD#_10576,2,C_1112,ST_234
OR#102448,3/22/2021,2,PRD#_10045,2,C_1112,ST_234
OR#102448,3/22/2021,3,PRD#_10219,2,C_1112,ST_234
OR#102449,3/29/2021,1,PRD#_10822,1,C_1052,ST_567
OR#102449,3/29/2021,2,PRD#_10182,5,C_1052,ST_567
OR#102449,3/29/2021,3,PRD#_10489,5,C_1052,ST_567
OR#102449,3/29/2021,4,PRD#_10018,2,C_1052,ST_567
OR#102449,3/29/2021,5,PRD#_10275,2,C_1052,ST_567
OR#102450,3/8/2021,1,PRD#_10329,3,C_1137,ST_345
OR#102450,3/8/2021,2,PRD#_10845,2,C_1137,ST_345
OR#102450,3/8/2021,3,PRD#_10782,4,C_1137,ST_345
OR#102450,3/8/2021,4,PRD#_10600,1,C_1137,ST_345
OR#102451,3/4/2021,1,PRD#_10796,4,C_1143,ST_123
OR#102451,3/4/2021,2,PRD#_10411,1,C_1143,ST_123
OR#102451,3/4/2021,3,PRD#_10807,3,C_1143,ST_123
OR#102451,3/4/2021,4,PRD#_10651,2,C_1143,ST_123
OR#102451,3/4/2021,5,PRD#_10695,3,C_1143,ST_123
OR#102452,3/19/2021,1,PRD#_10256,4,C_1122,ST_789
OR#102452,3/19/2021,2,PRD#_10027,5,C_1122,ST_789
OR#102452,3/19/2021,3,PRD#_10041,4,C_1122,ST_789
OR#102453,3/20/2021,1,PRD#_10416,3,C_1013,ST_567
OR#102453,3/20/2021,2,PRD#_10723,2,C_1013,ST_567
OR#102453,3/20/2021,3,PRD#_10746,2,C_1013,ST_567
OR#102453,3/20/2021,4,PRD#_10667,3,C_1013,ST_567
OR#102454,3/22/2021,1,PRD#_10015,4,C_1109,ST_234
OR#102454,3/22/2021,2,PRD#_10738,2,C_1109,ST_234
OR#102454,3/22/2021,3,PRD#_10808,1,C_1109,ST_234
OR#102454,3/22/2021,4,PRD#_10207,4,C_1109,ST_234
OR#102455,3/18/2021,1,PRD#_10670,3,C_1099,ST_456
OR#102455,3/18/2021,2,PRD#_10680,1,C_1099,ST_456
OR#102455,3/18/2021,3,PRD#_10637,4,C_1099,ST_456
OR#102455,3/18/2021,4,PRD#_10838,1,C_1099,ST_456
OR#102456,3/5/2021,1,PRD#_10416,5,C_1088,ST_123
OR#102456,3/5/2021,2,PRD#_10421,4,C_1088,ST_123
OR#102456,3/5/2021,3,PRD#_10166,5,C_1088,ST_123
OR#102456,3/5/2021,4,PRD#_10003,4,C_1088,ST_123
OR#102457,3/21/2021,1,PRD#_10171,4,C_1084,ST_890
OR#102458,3/17/2021,1,PRD#_10123,5,C_1132,ST_567
OR#102458,3/17/2021,2,PRD#_10685,1,C_1132,ST_567
OR#102459,3/5/2021,1,PRD#_10645,2,C_1088,ST_678
OR#102459,3/5/2021,2,PRD#_10309,3,C_1088,ST_678
OR#102459,3/5/2021,3,PRD#_10647,1,C_1088,ST_678
OR#102459,3/5/2021,4,PRD#_10127,2,C_1088,ST_678
OR#102459,3/5/2021,5,PRD#_10081,4,C_1088,ST_678
OR#102460,3/23/2021,1,PRD#_10619,3,C_1112,ST_890
OR#102460,3/23/2021,2,PRD#_10650,4,C_1112,ST_890
OR#102461,3/14/2021,1,PRD#_10291,3,C_1025,ST_234
OR#102461,3/14/2021,2,PRD#_10809,5,C_1025,ST_234
OR#102461,3/14/2021,3,PRD#_10685,5,C_1025,ST_234
OR#102461,3/14/2021,4,PRD#_10028,2,C_1025,ST_234
OR#102462,3/12/2021,1,PRD#_10772,2,C_1011,ST_456
OR#102462,3/12/2021,2,PRD#_10224,4,C_1011,ST_456
OR#102462,3/12/2021,3,PRD#_10033,5,C_1011,ST_456
OR#102462,3/12/2021,4,PRD#_10565,3,C_1011,ST_456
OR#102462,3/12/2021,5,PRD#_10790,1,C_1011,ST_456
OR#102463,3/9/2021,1,PRD#_10254,2,C_1092,ST_890
OR#102463,3/9/2021,2,PRD#_10575,4,C_1092,ST_890
OR#102463,3/9/2021,3,PRD#_10066,2,C_1092,ST_890
OR#102463,3/9/2021,4,PRD#_10505,2,C_1092,ST_890
OR#102464,3/2/2021,1,PRD#_10306,3,C_1132,ST_345
OR#102464,3/2/2021,2,PRD#_10682,4,C_1132,ST_345
OR#102465,3/24/2021,1,PRD#_10109,3,C_1097,ST_112
OR#102465,3/24/2021,2,PRD#_10760,4,C_1097,ST_112
OR#102466,3/21/2021,1,PRD#_10162,5,C_1055,ST_123
OR#102466,3/21/2021,2,PRD#_10732,4,C_1055,ST_123
OR#102466,3/21/2021,3,PRD#_10194,2,C_1055,ST_123
OR#102466,3/21/2021,4,PRD#_10303,4,C_1055,ST_123
OR#102467,3/31/2021,1,PRD#_10325,4,C_1117,ST_890
OR#102467,3/31/2021,2,PRD#_10299,2,C_1117,ST_890
OR#102468,3/6/2021,1,PRD#_10072,3,C_1080,ST_123
OR#102468,3/6/2021,2,PRD#_10261,1,C_1080,ST_123
OR#102468,3/6/2021,3,PRD#_10836,4,C_1080,ST_123
OR#102468,3/6/2021,4,PRD#_10443,3,C_1080,ST_123
OR#102468,3/6/2021,5,PRD#_10432,2,C_1080,ST_123
OR#102469,3/11/2021,1,PRD#_10314,1,C_1025,ST_345
OR#102469,3/11/2021,2,PRD#_10384,3,C_1025,ST_345
OR#102469,3/11/2021,3,PRD#_10568,2,C_1025,ST_345
OR#102469,3/11/2021,4,PRD#_10508,2,C_1025,ST_345
OR#102470,3/21/2021,1,PRD#_10045,3,C_1099,ST_112
OR#102471,3/6/2021,1,PRD#_10383,1,C_1089,ST_456
OR#102471,3/6/2021,2,PRD#_10146,1,C_1089,ST_456
OR#102472,3/8/2021,1,PRD#_10707,1,C_1015,ST_234
OR#102472,3/8/2021,2,PRD#_10179,5,C_1015,ST_234
OR#102472,3/8/2021,3,PRD#_10544,4,C_1015,ST_234
OR#102472,3/8/2021,4,PRD#_10196,1,C_1015,ST_234
OR#102473,3/29/2021,1,PRD#_10302,3,C_1090,ST_456
OR#102473,3/29/2021,2,PRD#_10777,2,C_1090,ST_456
OR#102474,3/5/2021,1,PRD#_10803,5,C_1142,ST_567
OR#102474,3/5/2021,2,PRD#_10414,3,C_1142,ST_567
OR#102474,3/5/2021,3,PRD#_10119,1,C_1142,ST_567
OR#102474,3/5/2021,4,PRD#_10344,1,C_1142,ST_567
OR#102475,3/9/2021,1,PRD#_10707,4,C_1065,ST_234
OR#102475,3/9/2021,2,PRD#_10240,4,C_1065,ST_234
OR#102475,3/9/2021,3,PRD#_10552,1,C_1065,ST_234
OR#102476,3/22/2021,1,PRD#_10639,3,C_1040,ST_678
OR#102476,3/22/2021,2,PRD#_10827,1,C_1040,ST_678
OR#102477,3/28/2021,1,PRD#_10591,1,C_1071,ST_890
OR#102478,3/8/2021,1,PRD#_10414,5,C_1117,ST_789
OR#102478,3/8/2021,2,PRD#_10582,5,C_1117,ST_789
OR#102479,3/21/2021,1,PRD#_10154,2,C_1047,ST_789
OR#102480,3/7/2021,1,PRD#_10308,4,C_1117,ST_112
OR#102480,3/7/2021,2,PRD#_10664,4,C_1117,ST_112
OR#102480,3/7/2021,3,PRD#_10132,1,C_1117,ST_112
OR#102480,3/7/2021,4,PRD#_10187,5,C_1117,ST_112
OR#102481,3/26/2021,1,PRD#_10803,4,C_1040,ST_901
OR#102481,3/26/2021,2,PRD#_10698,4,C_1040,ST_901
OR#102481,3/26/2021,3,PRD#_10433,5,C_1040,ST_901
OR#102482,3/31/2021,1,PRD#_10156,2,C_1005,ST_567
OR#102482,3/31/2021,2,PRD#_10771,2,C_1005,ST_567
OR#102482,3/31/2021,3,PRD#_10150,5,C_1005,ST_567
OR#102482,3/31/2021,4,PRD#_10602,4,C_1005,ST_567
OR#102482,3/31/2021,5,PRD#_10608,2,C_1005,ST_567
OR#102483,3/2/2021,1,PRD#_10635,3,C_1071,ST_234
OR#102484,3/24/2021,1,PRD#_10497,3,C_1131,ST_234
OR#102484,3/24/2021,2,PRD#_10620,5,C_1131,ST_234
OR#102485,3/29/2021,1,PRD#_10187,1,C_1078,ST_678
OR#102485,3/29/2021,2,PRD#_10224,2,C_1078,ST_678
OR#102485,3/29/2021,3,PRD#_10247,3,C_1078,ST_678
OR#102486,3/21/2021,1,PRD#_10790,4,C_1133,ST_789
OR#102486,3/21/2021,2,PRD#_10067,1,C_1133,ST_789
OR#102487,3/18/2021,1,PRD#_10705,5,C_1005,ST_890
OR#102487,3/18/2021,2,PRD#_10835,1,C_1005,ST_890
OR#102488,3/24/2021,1,PRD#_10074,1,C_1008,ST_901
OR#102488,3/24/2021,2,PRD#_10152,1,C_1008,ST_901
OR#102488,3/24/2021,3,PRD#_10261,3,C_1008,ST_901
OR#102489,3/29/2021,1,PRD#_10627,4,C_1014,ST_678
OR#102489,3/29/2021,2,PRD#_10071,2,C_1014,ST_678
OR#102490,3/6/2021,1,PRD#_10251,3,C_1110,ST_456
OR#102490,3/6/2021,2,PRD#_10691,1,C_1110,ST_456
OR#102490,3/6/2021,3,PRD#_10217,2,C_1110,ST_456
OR#102491,3/10/2021,1,PRD#_10270,5,C_1041,ST_345
OR#102491,3/10/2021,2,PRD#_10051,5,C_1041,ST_345
OR#102491,3/10/2021,3,PRD#_10440,5,C_1041,ST_345
OR#102491,3/10/2021,4,PRD#_10797,1,C_1041,ST_345
OR#102491,3/10/2021,5,PRD#_10011,5,C_1041,ST_345
OR#102492,3/7/2021,1,PRD#_10404,5,C_1096,ST_234
OR#102492,3/7/2021,2,PRD#_10466,3,C_1096,ST_234
OR#102492,3/7/2021,3,PRD#_10287,3,C_1096,ST_234
OR#102492,3/7/2021,4,PRD#_10431,3,C_1096,ST_234
OR#102493,3/7/2021,1,PRD#_10243,2,C_1035,ST_345
OR#102493,3/7/2021,2,PRD#_10202,5,C_1035,ST_345
OR#102493,3/7/2021,3,PRD#_10291,5,C_1035,ST_345
OR#102493,3/7/2021,4,PRD#_10708,2,C_1035,ST_345
OR#102494,3/23/2021,1,PRD#_10507,1,C_1069,ST_789
OR#102494,3/23/2021,2,PRD#_10732,1,C_1069,ST_789
OR#102494,3/23/2021,3,PRD#_10399,4,C_1069,ST_789
OR#102494,3/23/2021,4,PRD#_10487,5,C_1069,ST_789
OR#102495,3/3/2021,1,PRD#_10261,4,C_1128,ST_901
OR#102495,3/3/2021,2,PRD#_10398,3,C_1128,ST_901
OR#102496,3/8/2021,1,PRD#_10391,4,C_1060,ST_567
OR#102496,3/8/2021,2,PRD#_10603,5,C_1060,ST_567
OR#102496,3/8/2021,3,PRD#_10724,1,C_1060,ST_567
OR#102497,3/29/2021,1,PRD#_10069,1,C_1047,ST_345
OR#102497,3/29/2021,2,PRD#_10244,5,C_1047,ST_345
OR#102497,3/29/2021,3,PRD#_10547,5,C_1047,ST_345
OR#102497,3/29/2021,4,PRD#_10237,1,C_1047,ST_345
OR#102497,3/29/2021,5,PRD#_10306,5,C_1047,ST_345
OR#102498,3/8/2021,1,PRD#_10534,1,C_1105,ST_234
OR#102498,3/8/2021,2,PRD#_10627,3,C_1105,ST_234
OR#102498,3/8/2021,3,PRD#_10460,5,C_1105,ST_234
OR#102498,3/8/2021,4,PRD#_10814,4,C_1105,ST_234
OR#102499,3/13/2021,1,PRD#_10308,1,C_1111,ST_901
OR#102499,3/13/2021,2,PRD#_10465,3,C_1111,ST_901
OR#102500,3/9/2021,1,PRD#_10516,2,C_1039,ST_234
OR#102500,3/9/2021,2,PRD#_10800,5,C_1039,ST_234
OR#102500,3/9/2021,3,PRD#_10650,5,C_1039,ST_234
OR#102501,3/1/2021,1,PRD#_10787,4,C_1143,ST_678
OR#102501,3/1/2021,2,PRD#_10150,3,C_1143,ST_678
OR#102501,3/1/2021,3,PRD#_10025,5,C_1143,ST_678
OR#102502,3/14/2021,1,PRD#_10428,2,C_1128,ST_567
OR#102502,3/14/2021,2,PRD#_10166,1,C_1128,ST_567
OR#102502,3/14/2021,3,PRD#_10595,5,C_1128,ST_567
OR#102502,3/14/2021,4,PRD#_10835,5,C_1128,ST_567
OR#102502,3/14/2021,5,PRD#_10104,5,C_1128,ST_567
OR#102503,3/7/2021,1,PRD#_10849,5,C_1053,ST_567
OR#102503,3/7/2021,2,PRD#_10541,4,C_1053,ST_567
OR#102503,3/7/2021,3,PRD#_10122,2,C_1053,ST_567
OR#102503,3/7/2021,4,PRD#_10377,1,C_1053,ST_567
OR#102503,3/7/2021,5,PRD#_10174,3,C_1053,ST_567
OR#102504,3/6/2021,1,PRD#_10702,3,C_1033,ST_789
OR#102504,3/6/2021,2,PRD#_10322,3,C_1033,ST_789
OR#102505,3/18/2021,1,PRD#_10641,2,C_1124,ST_345
OR#102505,3/18/2021,2,PRD#_10605,5,C_1124,ST_345
OR#102505,3/18/2021,3,PRD#_10167,1,C_1124,ST_345
OR#102505,3/18/2021,4,PRD#_10382,4,C_1124,ST_345
OR#102505,3/18/2021,5,PRD#_10419,3,C_1124,ST_345
OR#102506,3/22/2021,1,PRD#_10055,2,C_1056,ST_345
OR#102506,3/22/2021,2,PRD#_10763,2,C_1056,ST_345
OR#102506,3/22/2021,3,PRD#_10616,1,C_1056,ST_345
OR#102506,3/22/2021,4,PRD#_10775,2,C_1056,ST_345
OR#102506,3/22/2021,5,PRD#_10170,2,C_1056,ST_345
OR#102507,3/9/2021,1,PRD#_10510,5,C_1052,ST_123
OR#102507,3/9/2021,2,PRD#_10016,1,C_1052,ST_123
OR#102507,3/9/2021,3,PRD#_10714,3,C_1052,ST_123
OR#102507,3/9/2021,4,PRD#_10228,2,C_1052,ST_123
OR#102508,3/29/2021,1,PRD#_10361,4,C_1020,ST_112
OR#102508,3/29/2021,2,PRD#_10721,1,C_1020,ST_112
OR#102508,3/29/2021,3,PRD#_10704,4,C_1020,ST_112
OR#102508,3/29/2021,4,PRD#_10280,2,C_1020,ST_112
OR#102509,3/11/2021,1,PRD#_10050,5,C_1010,ST_567
OR#102509,3/11/2021,2,PRD#_10684,5,C_1010,ST_567
OR#102510,3/16/2021,1,PRD#_10560,5,C_1120,ST_567
OR#102510,3/16/2021,2,PRD#_10528,5,C_1120,ST_567
OR#102510,3/16/2021,3,PRD#_10713,1,C_1120,ST_567
OR#102510,3/16/2021,4,PRD#_10363,4,C_1120,ST_567
OR#102510,3/16/2021,5,PRD#_10688,4,C_1120,ST_567
OR#102511,3/5/2021,1,PRD#_10757,1,C_1100,ST_901
OR#102512,3/14/2021,1,PRD#_10411,2,C_1023,ST_678
OR#102512,3/14/2021,2,PRD#_10493,1,C_1023,ST_678
OR#102513,3/1/2021,1,PRD#_10471,4,C_1061,ST_567
OR#102513,3/1/2021,2,PRD#_10231,2,C_1061,ST_567
OR#102513,3/1/2021,3,PRD#_10372,5,C_1061,ST_567
OR#102514,3/14/2021,1,PRD#_10182,1,C_1110,ST_112
OR#102515,3/20/2021,1,PRD#_10022,1,C_1067,ST_234
OR#102515,3/20/2021,2,PRD#_10080,2,C_1067,ST_234
OR#102515,3/20/2021,3,PRD#_10292,5,C_1067,ST_234
OR#102515,3/20/2021,4,PRD#_10101,3,C_1067,ST_234
OR#102515,3/20/2021,5,PRD#_10701,1,C_1067,ST_234
OR#102516,3/17/2021,1,PRD#_10023,2,C_1081,ST_678
OR#102516,3/17/2021,2,PRD#_10019,3,C_1081,ST_678
OR#102516,3/17/2021,3,PRD#_10370,1,C_1081,ST_678
OR#102516,3/17/2021,4,PRD#_10321,5,C_1081,ST_678
OR#102516,3/17/2021,5,PRD#_10115,2,C_1081,ST_678
OR#102517,3/20/2021,1,PRD#_10157,1,C_1039,ST_345
OR#102517,3/20/2021,2,PRD#_10022,3,C_1039,ST_345
OR#102517,3/20/2021,3,PRD#_10268,1,C_1039,ST_345
OR#102517,3/20/2021,4,PRD#_10670,4,C_1039,ST_345
OR#102518,3/6/2021,1,PRD#_10291,2,C_1124,ST_456
OR#102518,3/6/2021,2,PRD#_10760,3,C_1124,ST_456
OR#102518,3/6/2021,3,PRD#_10310,3,C_1124,ST_456
OR#102519,3/20/2021,1,PRD#_10282,4,C_1003,ST_789
OR#102519,3/20/2021,2,PRD#_10616,3,C_1003,ST_789
OR#102519,3/20/2021,3,PRD#_10476,2,C_1003,ST_789
OR#102520,3/10/2021,1,PRD#_10748,4,C_1088,ST_678
OR#102520,3/10/2021,2,PRD#_10271,3,C_1088,ST_678
OR#102521,3/24/2021,1,PRD#_10220,1,C_1081,ST_234
OR#102521,3/24/2021,2,PRD#_10574,3,C_1081,ST_234
OR#102522,3/5/2021,1,PRD#_10156,3,C_1069,ST_456
OR#102522,3/5/2021,2,PRD#_10275,3,C_1069,ST_456
OR#102522,3/5/2021,3,PRD#_10391,3,C_1069,ST_456
OR#102522,3/5/2021,4,PRD#_10794,3,C_1069,ST_456
OR#102523,3/12/2021,1,PRD#_10407,5,C_1079,ST_234
OR#102523,3/12/2021,2,PRD#_10447,5,C_1079,ST_234
OR#102523,3/12/2021,3,PRD#_10379,1,C_1079,ST_234
OR#102523,3/12/2021,4,PRD#_10133,2,C_1079,ST_234
OR#102523,3/12/2021,5,PRD#_10306,2,C_1079,ST_234
OR#102524,3/6/2021,1,PRD#_10803,4,C_1093,ST_456
OR#102525,3/18/2021,1,PRD#_10057,1,C_1097,ST_112
OR#102526,3/29/2021,1,PRD#_10076,1,C_1106,ST_112
OR#102526,3/29/2021,2,PRD#_10762,1,C_1106,ST_112
OR#102526,3/29/2021,3,PRD#_10604,3,C_1106,ST_112
OR#102527,3/9/2021,1,PRD#_10330,5,C_1046,ST_112
OR#102527,3/9/2021,2,PRD#_10584,5,C_1046,ST_112
OR#102527,3/9/2021,3,PRD#_10001,2,C_1046,ST_112
OR#102527,3/9/2021,4,PRD#_10314,1,C_1046,ST_112
OR#102528,3/13/2021,1,PRD#_10172,4,C_1063,ST_112
OR#102528,3/13/2021,2,PRD#_10189,2,C_1063,ST_112
OR#102528,3/13/2021,3,PRD#_10265,4,C_1063,ST_112
OR#102528,3/13/2021,4,PRD#_10303,1,C_1063,ST_112
OR#102528,3/13/2021,5,PRD#_10036,3,C_1063,ST_112
OR#102529,3/15/2021,1,PRD#_10498,2,C_1113,ST_112
OR#102530,3/28/2021,1,PRD#_10624,1,C_1115,ST_890
OR#102530,3/28/2021,2,PRD#_10152,1,C_1115,ST_890
OR#102530,3/28/2021,3,PRD#_10082,4,C_1115,ST_890
OR#102530,3/28/2021,4,PRD#_10023,2,C_1115,ST_890
OR#102531,3/8/2021,1,PRD#_10279,5,C_1016,ST_789
OR#102531,3/8/2021,2,PRD#_10329,3,C_1016,ST_789
OR#102531,3/8/2021,3,PRD#_10768,3,C_1016,ST_789
OR#102531,3/8/2021,4,PRD#_10567,3,C_1016,ST_789
OR#102532,3/5/2021,1,PRD#_10028,5,C_1017,ST_112
OR#102532,3/5/2021,2,PRD#_10270,1,C_1017,ST_112
OR#102532,3/5/2021,3,PRD#_10462,3,C_1017,ST_112
OR#102532,3/5/2021,4,PRD#_10498,5,C_1017,ST_112
OR#102532,3/5/2021,5,PRD#_10509,5,C_1017,ST_112
OR#102533,3/11/2021,1,PRD#_10092,1,C_1116,ST_890
OR#102533,3/11/2021,2,PRD#_10016,3,C_1116,ST_890
OR#102534,3/7/2021,1,PRD#_10312,4,C_1050,ST_567
OR#102535,3/27/2021,1,PRD#_10431,2,C_1092,ST_901
OR#102535,3/27/2021,2,PRD#_10438,3,C_1092,ST_901
OR#102536,3/3/2021,1,PRD#_10134,5,C_1093,ST_567
OR#102536,3/3/2021,2,PRD#_10299,5,C_1093,ST_567
OR#102536,3/3/2021,3,PRD#_10131,5,C_1093,ST_567
OR#102537,3/23/2021,1,PRD#_10109,5,C_1053,ST_567
OR#102537,3/23/2021,2,PRD#_10162,1,C_1053,ST_567
OR#102537,3/23/2021,3,PRD#_10089,3,C_1053,ST_567
OR#102537,3/23/2021,4,PRD#_10665,4,C_1053,ST_567
OR#102537,3/23/2021,5,PRD#_10012,3,C_1053,ST_567
OR#102538,3/3/2021,1,PRD#_10114,4,C_1105,ST_890
OR#102539,3/20/2021,1,PRD#_10183,4,C_1068,ST_901
OR#102539,3/20/2021,2,PRD#_10021,5,C_1068,ST_901
OR#102539,3/20/2021,3,PRD#_10350,5,C_1068,ST_901
OR#102539,3/20/2021,4,PRD#_10122,4,C_1068,ST_901
OR#102539,3/20/2021,5,PRD#_10739,1,C_1068,ST_901
OR#102540,3/1/2021,1,PRD#_10008,5,C_1069,ST_789
OR#102540,3/1/2021,2,PRD#_10520,4,C_1069,ST_789
OR#102540,3/1/2021,3,PRD#_10377,5,C_1069,ST_789
OR#102541,3/30/2021,1,PRD#_10548,2,C_1042,ST_345
OR#102541,3/30/2021,2,PRD#_10071,4,C_1042,ST_345
OR#102542,3/10/2021,1,PRD#_10695,4,C_1125,ST_234
OR#102542,3/10/2021,2,PRD#_10584,2,C_1125,ST_234
OR#102542,3/10/2021,3,PRD#_10141,2,C_1125,ST_234
OR#102543,3/2/2021,1,PRD#_10663,2,C_1054,ST_123
OR#102543,3/2/2021,2,PRD#_10219,2,C_1054,ST_123
OR#102543,3/2/2021,3,PRD#_10270,5,C_1054,ST_123
OR#102544,3/11/2021,1,PRD#_10455,2,C_1107,ST_123
OR#102544,3/11/2021,2,PRD#_10370,4,C_1107,ST_123
OR#102544,3/11/2021,3,PRD#_10512,5,C_1107,ST_123
OR#102544,3/11/2021,4,PRD#_10735,3,C_1107,ST_123
OR#102544,3/11/2021,5,PRD#_10800,2,C_1107,ST_123
OR#102545,3/16/2021,1,PRD#_10517,5,C_1043,ST_901
OR#102545,3/16/2021,2,PRD#_10004,4,C_1043,ST_901
OR#102545,3/16/2021,3,PRD#_10310,3,C_1043,ST_901
OR#102546,3/22/2021,1,PRD#_10412,3,C_1021,ST_789
OR#102547,3/4/2021,1,PRD#_10847,2,C_1028,ST_789
OR#102547,3/4/2021,2,PRD#_10148,3,C_1028,ST_789
OR#102547,3/4/2021,3,PRD#_10369,1,C_1028,ST_789
OR#102547,3/4/2021,4,PRD#_10030,3,C_1028,ST_789
OR#102547,3/4/2021,5,PRD#_10551,5,C_1028,ST_789
OR#102548,3/5/2021,1,PRD#_10422,2,C_1002,ST_890
OR#102548,3/5/2021,2,PRD#_10380,1,C_1002,ST_890
OR#102548,3/5/2021,3,PRD#_10372,1,C_1002,ST_890
OR#102548,3/5/2021,4,PRD#_10733,5,C_1002,ST_890
OR#102549,3/7/2021,1,PRD#_10738,4,C_1093,ST_678
OR#102550,3/26/2021,1,PRD#_10367,1,C_1041,ST_890
OR#102550,3/26/2021,2,PRD#_10231,5,C_1041,ST_890
OR#102550,3/26/2021,3,PRD#_10085,5,C_1041,ST_890
OR#102551,3/17/2021,1,PRD#_10378,1,C_1027,ST_789
OR#102551,3/17/2021,2,PRD#_10119,2,C_1027,ST_789
OR#102551,3/17/2021,3,PRD#_10242,2,C_1027,ST_789
OR#102551,3/17/2021,4,PRD#_10181,1,C_1027,ST_789
OR#102551,3/17/2021,5,PRD#_10109,3,C_1027,ST_789
OR#102552,3/6/2021,1,PRD#_10055,5,C_1037,ST_890
OR#102552,3/6/2021,2,PRD#_10170,4,C_1037,ST_890
OR#102553,3/24/2021,1,PRD#_10251,4,C_1020,ST_345
OR#102553,3/24/2021,2,PRD#_10689,5,C_1020,ST_345
OR#102553,3/24/2021,3,PRD#_10341,1,C_1020,ST_345
OR#102553,3/24/2021,4,PRD#_10486,1,C_1020,ST_345
OR#102553,3/24/2021,5,PRD#_10618,1,C_1020,ST_345
OR#102554,3/11/2021,1,PRD#_10180,5,C_1076,ST_567
OR#102554,3/11/2021,2,PRD#_10843,4,C_1076,ST_567
OR#102554,3/11/2021,3,PRD#_10103,1,C_1076,ST_567
OR#102554,3/11/2021,4,PRD#_10306,5,C_1076,ST_567
OR#102555,3/13/2021,1,PRD#_10612,4,C_1092,ST_890
OR#102555,3/13/2021,2,PRD#_10475,5,C_1092,ST_890
OR#102556,3/15/2021,1,PRD#_10501,1,C_1089,ST_678
OR#102556,3/15/2021,2,PRD#_10461,5,C_1089,ST_678
OR#102556,3/15/2021,3,PRD#_10040,3,C_1089,ST_678
OR#102557,3/11/2021,1,PRD#_10739,3,C_1094,ST_456
OR#102558,3/27/2021,1,PRD#_10235,5,C_1067,ST_112
OR#102559,3/20/2021,1,PRD#_10312,1,C_1001,ST_123
OR#102560,3/6/2021,1,PRD#_10260,2,C_1093,ST_567
OR#102560,3/6/2021,2,PRD#_10431,3,C_1093,ST_567
OR#102560,3/6/2021,3,PRD#_10179,4,C_1093,ST_567
OR#102560,3/6/2021,4,PRD#_10347,3,C_1093,ST_567
OR#102561,3/5/2021,1,PRD#_10184,3,C_1106,ST_789
OR#102561,3/5/2021,2,PRD#_10161,2,C_1106,ST_789
OR#102561,3/5/2021,3,PRD#_10200,4,C_1106,ST_789
OR#102561,3/5/2021,4,PRD#_10130,2,C_1106,ST_789
OR#102562,3/27/2021,1,PRD#_10281,2,C_1110,ST_567
OR#102563,3/12/2021,1,PRD#_10010,4,C_1049,ST_123
OR#102563,3/12/2021,2,PRD#_10843,1,C_1049,ST_123
OR#102564,3/8/2021,1,PRD#_10235,1,C_1111,ST_567
OR#102565,3/13/2021,1,PRD#_10716,5,C_1088,ST_678
OR#102565,3/13/2021,2,PRD#_10141,3,C_1088,ST_678
OR#102566,3/16/2021,1,PRD#_10145,2,C_1050,ST_890
OR#102567,3/5/2021,1,PRD#_10846,2,C_1059,ST_345
OR#102567,3/5/2021,2,PRD#_10466,1,C_1059,ST_345
OR#102567,3/5/2021,3,PRD#_10123,4,C_1059,ST_345
OR#102568,3/16/2021,1,PRD#_10478,1,C_1097,ST_345
OR#102568,3/16/2021,2,PRD#_10716,5,C_1097,ST_345
OR#102568,3/16/2021,3,PRD#_10810,5,C_1097,ST_345
OR#102569,3/26/2021,1,PRD#_10183,2,C_1110,ST_112
OR#102570,3/22/2021,1,PRD#_10557,4,C_1113,ST_789
OR#102570,3/22/2021,2,PRD#_10759,2,C_1113,ST_789
OR#102570,3/22/2021,3,PRD#_10841,3,C_1113,ST_789
OR#102571,3/10/2021,1,PRD#_10285,5,C_1028,ST_789
OR#102571,3/10/2021,2,PRD#_10067,4,C_1028,ST_789
OR#102571,3/10/2021,3,PRD#_10182,3,C_1028,ST_789
OR#102572,3/14/2021,1,PRD#_10080,4,C_1099,ST_234
OR#102573,3/30/2021,1,PRD#_10142,2,C_1055,ST_567
OR#102573,3/30/2021,2,PRD#_10582,3,C_1055,ST_567
OR#102573,3/30/2021,3,PRD#_10535,3,C_1055,ST_567
OR#102574,3/18/2021,1,PRD#_10544,3,C_1063,ST_112
OR#102574,3/18/2021,2,PRD#_10522,2,C_1063,ST_112
OR#102574,3/18/2021,3,PRD#_10324,1,C_1063,ST_112
OR#102575,3/27/2021,1,PRD#_10170,1,C_1102,ST_901
OR#102575,3/27/2021,2,PRD#_10646,4,C_1102,ST_901
OR#102575,3/27/2021,3,PRD#_10250,3,C_1102,ST_901
OR#102575,3/27/2021,4,PRD#_10714,4,C_1102,ST_901
OR#102576,3/10/2021,1,PRD#_10562,3,C_1109,ST_901
OR#102576,3/10/2021,2,PRD#_10440,1,C_1109,ST_901
OR#102576,3/10/2021,3,PRD#_10082,1,C_1109,ST_901
OR#102576,3/10/2021,4,PRD#_10711,3,C_1109,ST_901
OR#102576,3/10/2021,5,PRD#_10176,5,C_1109,ST_901
OR#102577,3/4/2021,1,PRD#_10547,4,C_1134,ST_345
OR#102577,3/4/2021,2,PRD#_10816,3,C_1134,ST_345
OR#102578,3/31/2021,1,PRD#_10313,4,C_1116,ST_890
OR#102579,3/31/2021,1,PRD#_10067,4,C_1057,ST_890
OR#102579,3/31/2021,2,PRD#_10412,1,C_1057,ST_890
OR#102579,3/31/2021,3,PRD#_10849,4,C_1057,ST_890
OR#102579,3/31/2021,4,PRD#_10468,2,C_1057,ST_890
OR#102579,3/31/2021,5,PRD#_10288,1,C_1057,ST_890
OR#102580,3/21/2021,1,PRD#_10181,3,C_1097,ST_789
OR#102581,3/11/2021,1,PRD#_10385,3,C_1073,ST_890
OR#102582,3/27/2021,1,PRD#_10656,2,C_1087,ST_345
OR#102582,3/27/2021,2,PRD#_10731,3,C_1087,ST_345
OR#102582,3/27/2021,3,PRD#_10028,2,C_1087,ST_345
OR#102582,3/27/2021,4,PRD#_10526,2,C_1087,ST_345
OR#102583,3/5/2021,1,PRD#_10808,5,C_1040,ST_345
OR#102583,3/5/2021,2,PRD#_10633,2,C_1040,ST_345
OR#102583,3/5/2021,3,PRD#_10433,1,C_1040,ST_345
OR#102583,3/5/2021,4,PRD#_10005,3,C_1040,ST_345
OR#102583,3/5/2021,5,PRD#_10830,2,C_1040,ST_345
OR#102584,3/16/2021,1,PRD#_10666,4,C_1142,ST_567
OR#102584,3/16/2021,2,PRD#_10249,3,C_1142,ST_567
OR#102585,3/7/2021,1,PRD#_10307,4,C_1109,ST_123
OR#102585,3/7/2021,2,PRD#_10137,2,C_1109,ST_123
OR#102586,3/8/2021,1,PRD#_10025,3,C_1016,ST_901
OR#102586,3/8/2021,2,PRD#_10091,1,C_1016,ST_901
OR#102586,3/8/2021,3,PRD#_10041,1,C_1016,ST_901
OR#102586,3/8/2021,4,PRD#_10476,1,C_1016,ST_901
OR#102587,3/16/2021,1,PRD#_10614,5,C_1098,ST_345
OR#102587,3/16/2021,2,PRD#_10533,1,C_1098,ST_345
OR#102587,3/16/2021,3,PRD#_10846,5,C_1098,ST_345
OR#102587,3/16/2021,4,PRD#_10660,4,C_1098,ST_345
OR#102588,3/22/2021,1,PRD#_10269,5,C_1105,ST_123
OR#102588,3/22/2021,2,PRD#_10129,4,C_1105,ST_123
OR#102588,3/22/2021,3,PRD#_10686,2,C_1105,ST_123
OR#102589,3/2/2021,1,PRD#_10472,3,C_1107,ST_901
OR#102589,3/2/2021,2,PRD#_10575,2,C_1107,ST_901
OR#102589,3/2/2021,3,PRD#_10210,5,C_1107,ST_901
OR#102589,3/2/2021,4,PRD#_10055,5,C_1107,ST_901
OR#102589,3/2/2021,5,PRD#_10746,4,C_1107,ST_901
OR#102590,3/14/2021,1,PRD#_10612,2,C_1073,ST_789
OR#102590,3/14/2021,2,PRD#_10582,3,C_1073,ST_789
OR#102590,3/14/2021,3,PRD#_10316,1,C_1073,ST_789
OR#102591,3/17/2021,1,PRD#_10810,2,C_1082,ST_234
OR#102591,3/17/2021,2,PRD#_10451,4,C_1082,ST_234
OR#102591,3/17/2021,3,PRD#_10072,3,C_1082,ST_234
OR#102591,3/17/2021,4,PRD#_10166,3,C_1082,ST_234
OR#102592,3/29/2021,1,PRD#_10791,2,C_1078,ST_345
OR#102593,3/12/2021,1,PRD#_10284,1,C_1011,ST_890
OR#102594,3/27/2021,1,PRD#_10329,4,C_1135,ST_123
OR#102594,3/27/2021,2,PRD#_10060,5,C_1135,ST_123
OR#102595,3/28/2021,1,PRD#_10182,4,C_1029,ST_678
OR#102595,3/28/2021,2,PRD#_10825,3,C_1029,ST_678
OR#102596,3/10/2021,1,PRD#_10104,5,C_1136,ST_890
OR#102596,3/10/2021,2,PRD#_10459,4,C_1136,ST_890
OR#102596,3/10/2021,3,PRD#_10341,4,C_1136,ST_890
OR#102596,3/10/2021,4,PRD#_10660,1,C_1136,ST_890
OR#102596,3/10/2021,5,PRD#_10592,1,C_1136,ST_890
OR#102597,3/13/2021,1,PRD#_10529,2,C_1009,ST_123
OR#102597,3/13/2021,2,PRD#_10621,4,C_1009,ST_123
OR#102597,3/13/2021,3,PRD#_10078,2,C_1009,ST_123
OR#102597,3/13/2021,4,PRD#_10215,5,C_1009,ST_123
OR#102597,3/13/2021,5,PRD#_10268,3,C_1009,ST_123
OR#102598,3/27/2021,1,PRD#_10206,5,C_1018,ST_890
OR#102599,3/1/2021,1,PRD#_10266,1,C_1035,ST_345
OR#102599,3/1/2021,2,PRD#_10082,4,C_1035,ST_345
OR#102599,3/1/2021,3,PRD#_10069,3,C_1035,ST_345
OR#102599,3/1/2021,4,PRD#_10028,2,C_1035,ST_345
OR#102600,3/8/2021,1,PRD#_10760,4,C_1056,ST_901
OR#102600,3/8/2021,2,PRD#_10696,5,C_1056,ST_901
OR#102600,3/8/2021,3,PRD#_10237,4,C_1056,ST_901
OR#102600,3/8/2021,4,PRD#_10335,5,C_1056,ST_901
OR#102600,3/8/2021,5,PRD#_10689,2,C_1056,ST_901
OR#102601,3/17/2021,1,PRD#_10618,1,C_1118,ST_345
OR#102601,3/17/2021,2,PRD#_10507,4,C_1118,ST_345
OR#102602,3/16/2021,1,PRD#_10360,4,C_1082,ST_345
OR#102602,3/16/2021,2,PRD#_10095,5,C_1082,ST_345
OR#102602,3/16/2021,3,PRD#_10050,5,C_1082,ST_345
OR#102602,3/16/2021,4,PRD#_10276,1,C_1082,ST_345
OR#102602,3/16/2021,5,PRD#_10645,3,C_1082,ST_345
OR#102603,3/11/2021,1,PRD#_10214,1,C_1120,ST_890
OR#102603,3/11/2021,2,PRD#_10463,2,C_1120,ST_890
OR#102603,3/11/2021,3,PRD#_10172,1,C_1120,ST_890
OR#102603,3/11/2021,4,PRD#_10584,4,C_1120,ST_890
OR#102603,3/11/2021,5,PRD#_10526,1,C_1120,ST_890
OR#102604,3/31/2021,1,PRD#_10036,1,C_1066,ST_890
OR#102604,3/31/2021,2,PRD#_10536,4,C_1066,ST_890
OR#102604,3/31/2021,3,PRD#_10351,3,C_1066,ST_890
OR#102604,3/31/2021,4,PRD#_10592,3,C_1066,ST_890
OR#102605,3/27/2021,1,PRD#_10475,1,C_1022,ST_890
OR#102605,3/27/2021,2,PRD#_10596,2,C_1022,ST_890
OR#102605,3/27/2021,3,PRD#_10138,1,C_1022,ST_890
OR#102605,3/27/2021,4,PRD#_10269,4,C_1022,ST_890
OR#102605,3/27/2021,5,PRD#_10804,4,C_1022,ST_890
OR#102606,3/22/2021,1,PRD#_10512,4,C_1099,ST_456
OR#102606,3/22/2021,2,PRD#_10675,3,C_1099,ST_456
OR#102606,3/22/2021,3,PRD#_10812,3,C_1099,ST_456
OR#102607,3/27/2021,1,PRD#_10567,5,C_1060,ST_901
OR#102607,3/27/2021,2,PRD#_10475,5,C_1060,ST_901
OR#102607,3/27/2021,3,PRD#_10125,3,C_1060,ST_901
OR#102607,3/27/2021,4,PRD#_10714,3,C_1060,ST_901
OR#102607,3/27/2021,5,PRD#_10143,5,C_1060,ST_901
OR#102608,3/29/2021,1,PRD#_10274,5,C_1114,ST_567
OR#102608,3/29/2021,2,PRD#_10442,3,C_1114,ST_567
OR#102608,3/29/2021,3,PRD#_10437,5,C_1114,ST_567
OR#102609,3/4/2021,1,PRD#_10026,5,C_1127,ST_456
OR#102609,3/4/2021,2,PRD#_10198,1,C_1127,ST_456
OR#102610,3/21/2021,1,PRD#_10445,5,C_1077,ST_789
OR#102611,3/15/2021,1,PRD#_10163,5,C_1016,ST_345
OR#102611,3/15/2021,2,PRD#_10677,2,C_1016,ST_345
OR#102611,3/15/2021,3,PRD#_10264,3,C_1016,ST_345
OR#102611,3/15/2021,4,PRD#_10721,1,C_1016,ST_345
OR#102612,3/16/2021,1,PRD#_10635,4,C_1091,ST_567
OR#102612,3/16/2021,2,PRD#_10522,2,C_1091,ST_567
OR#102613,3/10/2021,1,PRD#_10520,1,C_1006,ST_345
OR#102613,3/10/2021,2,PRD#_10311,4,C_1006,ST_345
OR#102613,3/10/2021,3,PRD#_10258,1,C_1006,ST_345
OR#102613,3/10/2021,4,PRD#_10102,4,C_1006,ST_345
OR#102614,3/1/2021,1,PRD#_10454,3,C_1071,ST_567
OR#102615,3/20/2021,1,PRD#_10392,3,C_1097,ST_456
OR#102615,3/20/2021,2,PRD#_10145,5,C_1097,ST_456
OR#102615,3/20/2021,3,PRD#_10060,2,C_1097,ST_456
OR#102615,3/20/2021,4,PRD#_10116,1,C_1097,ST_456
OR#102616,3/11/2021,1,PRD#_10018,1,C_1039,ST_890
OR#102617,3/26/2021,1,PRD#_10367,5,C_1038,ST_901
OR#102618,3/20/2021,1,PRD#_10048,3,C_1081,ST_234
OR#102619,3/6/2021,1,PRD#_10017,5,C_1110,ST_234
OR#102619,3/6/2021,2,PRD#_10587,2,C_1110,ST_234
OR#102619,3/6/2021,3,PRD#_10384,4,C_1110,ST_234
OR#102619,3/6/2021,4,PRD#_10108,3,C_1110,ST_234
OR#102619,3/6/2021,5,PRD#_10730,3,C_1110,ST_234
OR#102620,3/28/2021,1,PRD#_10560,2,C_1014,ST_567
OR#102621,3/9/2021,1,PRD#_10193,5,C_1087,ST_345
OR#102621,3/9/2021,2,PRD#_10767,1,C_1087,ST_345
OR#102621,3/9/2021,3,PRD#_10748,4,C_1087,ST_345
OR#102621,3/9/2021,4,PRD#_10494,3,C_1087,ST_345
OR#102622,3/3/2021,1,PRD#_10568,1,C_1015,ST_567
OR#102622,3/3/2021,2,PRD#_10669,2,C_1015,ST_567
OR#102623,3/20/2021,1,PRD#_10119,1,C_1132,ST_789
OR#102623,3/20/2021,2,PRD#_10252,2,C_1132,ST_789
OR#102624,3/20/2021,1,PRD#_10728,4,C_1011,ST_890
OR#102624,3/20/2021,2,PRD#_10042,2,C_1011,ST_890
OR#102624,3/20/2021,3,PRD#_10188,2,C_1011,ST_890
OR#102624,3/20/2021,4,PRD#_10559,2,C_1011,ST_890
OR#102625,3/6/2021,1,PRD#_10247,1,C_1104,ST_234
OR#102625,3/6/2021,2,PRD#_10081,4,C_1104,ST_234
OR#102625,3/6/2021,3,PRD#_10377,3,C_1104,ST_234
OR#102626,3/4/2021,1,PRD#_10575,3,C_1013,ST_567
OR#102626,3/4/2021,2,PRD#_10709,3,C_1013,ST_567
OR#102626,3/4/2021,3,PRD#_10087,3,C_1013,ST_567
OR#102626,3/4/2021,4,PRD#_10413,2,C_1013,ST_567
OR#102626,3/4/2021,5,PRD#_10042,2,C_1013,ST_567
OR#102627,3/22/2021,1,PRD#_10815,2,C_1005,ST_112
OR#102628,3/19/2021,1,PRD#_10469,2,C_1011,ST_901
OR#102628,3/19/2021,2,PRD#_10661,2,C_1011,ST_901
OR#102629,3/16/2021,1,PRD#_10389,3,C_1067,ST_112
OR#102629,3/16/2021,2,PRD#_10209,1,C_1067,ST_112
OR#102629,3/16/2021,3,PRD#_10764,5,C_1067,ST_112
OR#102630,3/31/2021,1,PRD#_10063,4,C_1118,ST_890
OR#102631,3/10/2021,1,PRD#_10354,5,C_1064,ST_789
OR#102631,3/10/2021,2,PRD#_10720,3,C_1064,ST_789
OR#102631,3/10/2021,3,PRD#_10634,5,C_1064,ST_789
OR#102631,3/10/2021,4,PRD#_10306,1,C_1064,ST_789
OR#102632,3/21/2021,1,PRD#_10186,2,C_1092,ST_789
OR#102633,3/23/2021,1,PRD#_10192,3,C_1002,ST_234
OR#102633,3/23/2021,2,PRD#_10045,4,C_1002,ST_234
OR#102633,3/23/2021,3,PRD#_10572,4,C_1002,ST_234
OR#102633,3/23/2021,4,PRD#_10448,4,C_1002,ST_234
OR#102633,3/23/2021,5,PRD#_10584,3,C_1002,ST_234
OR#102634,3/14/2021,1,PRD#_10598,5,C_1012,ST_234
OR#102635,3/4/2021,1,PRD#_10303,3,C_1071,ST_345
OR#102636,3/21/2021,1,PRD#_10186,4,C_1109,ST_901
OR#102636,3/21/2021,2,PRD#_10014,3,C_1109,ST_901
OR#102636,3/21/2021,3,PRD#_10121,1,C_1109,ST_901
OR#102637,3/16/2021,1,PRD#_10353,4,C_1089,ST_678
OR#102637,3/16/2021,2,PRD#_10322,1,C_1089,ST_678
OR#102637,3/16/2021,3,PRD#_10684,5,C_1089,ST_678
OR#102637,3/16/2021,4,PRD#_10456,2,C_1089,ST_678
OR#102638,3/1/2021,1,PRD#_10531,5,C_1133,ST_789
OR#102638,3/1/2021,2,PRD#_10784,3,C_1133,ST_789
OR#102638,3/1/2021,3,PRD#_10032,2,C_1133,ST_789
OR#102639,3/7/2021,1,PRD#_10524,1,C_1101,ST_112
OR#102639,3/7/2021,2,PRD#_10791,5,C_1101,ST_112
OR#102640,3/4/2021,1,PRD#_10736,3,C_1135,ST_112
OR#102640,3/4/2021,2,PRD#_10706,1,C_1135,ST_112
OR#102640,3/4/2021,3,PRD#_10622,4,C_1135,ST_112
OR#102640,3/4/2021,4,PRD#_10472,3,C_1135,ST_112
OR#102641,3/10/2021,1,PRD#_10286,1,C_1075,ST_901
OR#102641,3/10/2021,2,PRD#_10508,1,C_1075,ST_901
OR#102641,3/10/2021,3,PRD#_10466,2,C_1075,ST_901
OR#102642,3/15/2021,1,PRD#_10495,5,C_1103,ST_123
OR#102642,3/15/2021,2,PRD#_10310,4,C_1103,ST_123
OR#102642,3/15/2021,3,PRD#_10384,2,C_1103,ST_123
OR#102642,3/15/2021,4,PRD#_10125,3,C_1103,ST_123
OR#102642,3/15/2021,5,PRD#_10342,3,C_1103,ST_123
OR#102643,3/1/2021,1,PRD#_10317,5,C_1005,ST_678
OR#102644,3/28/2021,1,PRD#_10706,2,C_1012,ST_456
OR#102645,3/5/2021,1,PRD#_10648,2,C_1123,ST_456
OR#102645,3/5/2021,2,PRD#_10761,3,C_1123,ST_456
OR#102646,3/16/2021,1,PRD#_10304,5,C_1089,ST_890
OR#102646,3/16/2021,2,PRD#_10661,1,C_1089,ST_890
OR#102646,3/16/2021,3,PRD#_10827,1,C_1089,ST_890
OR#102646,3/16/2021,4,PRD#_10437,2,C_1089,ST_890
OR#102646,3/16/2021,5,PRD#_10585,1,C_1089,ST_890
OR#102647,3/30/2021,1,PRD#_10231,2,C_1090,ST_901
OR#102647,3/30/2021,2,PRD#_10325,2,C_1090,ST_901
OR#102647,3/30/2021,3,PRD#_10393,1,C_1090,ST_901
OR#102648,3/26/2021,1,PRD#_10241,5,C_1034,ST_567
OR#102648,3/26/2021,2,PRD#_10217,4,C_1034,ST_567
OR#102648,3/26/2021,3,PRD#_10061,5,C_1034,ST_567
OR#102648,3/26/2021,4,PRD#_10385,3,C_1034,ST_567
OR#102648,3/26/2021,5,PRD#_10416,4,C_1034,ST_567
OR#102649,3/3/2021,1,PRD#_10098,3,C_1103,ST_112
OR#102649,3/3/2021,2,PRD#_10478,2,C_1103,ST_112
OR#102649,3/3/2021,3,PRD#_10817,2,C_1103,ST_112
